Dataset-Quantity-metrics,Moment(zero),Timer(zero),TTM(zero),UniTS(zero),GPT4TS(few),Moment(few),Timer(few),TTM(few),UniTS(few),UniTime(few),GPT4TS(full),Moment(full),Timer(full),TTM(full),UniTS(full),UniTime(full)
contact-text,,,,,,,,,,,,,,,,
contact-url,,,,,,,,,,,,,,,,
paper-url,https://openreview.net/pdf?id=FVvf69a5rx,https://openreview.net/pdf?id=bYRYb7DMNo,https://arxiv.org/pdf/2401.03955,https://arxiv.org/pdf/2403.00131,https://openreview.net/pdf?id=gMS6FVZvmF,https://openreview.net/pdf?id=FVvf69a5rx,https://openreview.net/pdf?id=bYRYb7DMNo,https://arxiv.org/pdf/2401.03955,https://arxiv.org/pdf/2403.00131,https://dl.acm.org/doi/pdf/10.1145/3589334.3645434,https://openreview.net/pdf?id=gMS6FVZvmF,https://openreview.net/pdf?id=FVvf69a5rx,https://openreview.net/pdf?id=bYRYb7DMNo,https://arxiv.org/pdf/2401.03955,https://arxiv.org/pdf/2403.00131,https://dl.acm.org/doi/pdf/10.1145/3589334.3645434
code-url,,,,,,,,,,,,,,,,
publication,ICML,ICML,arXiv,arXiv,NeurIPS,ICML,ICML,arXiv,arXiv,WWW,NeurIPS,ICML,ICML,arXiv,arXiv,WWW
bib,https://dblp.org/rec/conf/icml/GoswamiSCCLD24.html?view=bibtex,https://dblp.uni-trier.de/rec/conf/icml/LiuZLH0L24.html?view=bibtex,https://dblp.org/rec/journals/corr/abs-2401-03955.html?view=bibtex,https://scholar.googleusercontent.com/scholar.bib?q=info:VXWdEeZz2SIJ:scholar.google.com/&output=citation&scisdr=ClFiJnEVEMDnjOYICmc:AFWwaeYAAAAAZ1AOEmcVephcxB70IEvJ0gn57_4&scisig=AFWwaeYAAAAAZ1AOEqyCZqhGaBcJAZ2GBgWxTjk&scisf=4&ct=citation&cd=-1&hl=zh-CN,https://dblp.org/rec/conf/nips/ZhouNW0023.html?view=bibtex,https://dblp.org/rec/conf/icml/GoswamiSCCLD24.html?view=bibtex,https://dblp.uni-trier.de/rec/conf/icml/LiuZLH0L24.html?view=bibtex,https://dblp.org/rec/journals/corr/abs-2401-03955.html?view=bibtex,https://scholar.googleusercontent.com/scholar.bib?q=info:VXWdEeZz2SIJ:scholar.google.com/&output=citation&scisdr=ClFiJnEVEMDnjOYICmc:AFWwaeYAAAAAZ1AOEmcVephcxB70IEvJ0gn57_4&scisig=AFWwaeYAAAAAZ1AOEqyCZqhGaBcJAZ2GBgWxTjk&scisf=4&ct=citation&cd=-1&hl=zh-CN,https://dblp.org/rec/conf/www/LiuHLDLHZ24.html?view=bibtex,https://dblp.org/rec/conf/nips/ZhouNW0023.html?view=bibtex,https://dblp.org/rec/conf/icml/GoswamiSCCLD24.html?view=bibtex,https://dblp.uni-trier.de/rec/conf/icml/LiuZLH0L24.html?view=bibtex,https://dblp.org/rec/journals/corr/abs-2401-03955.html?view=bibtex,https://scholar.googleusercontent.com/scholar.bib?q=info:VXWdEeZz2SIJ:scholar.google.com/&output=citation&scisdr=ClFiJnEVEMDnjOYICmc:AFWwaeYAAAAAZ1AOEmcVephcxB70IEvJ0gn57_4&scisig=AFWwaeYAAAAAZ1AOEqyCZqhGaBcJAZ2GBgWxTjk&scisf=4&ct=citation&cd=-1&hl=zh-CN,https://dblp.org/rec/conf/www/LiuHLDLHZ24.html?view=bibtex
year,2024,2024,2024,2024,2023,2024,2024,2024,2024,2024,2023,2024,2024,2024,2024,2024
parameters,,,,,,,,,,,,,,,,
AIOps/GAIA-96-A-P,0.462653199,0.239888416,0.412443313,0.374889926,0.376961658,0.454735905,0.463946577,0.409723226,0.378171768,0.412175504,0.445537182,0.460297657,0.475417115,0.419678991,0.380934204,0.471525287
AIOps/GAIA-96-A-R,0.803153786,0.657426597,0.742087675,0.776245859,0.757669364,0.80330878,0.808903615,0.745949596,0.777138627,0.801839846,0.767943887,0.811718792,0.804853682,0.773720306,0.783214026,0.810198894
AIOps/GAIA-96-Acc,0.957675988,0.951885422,0.923277972,0.959140723,0.934038306,0.95654665,0.95236256,0.921151025,0.959108391,0.955467582,0.938500543,0.95654665,0.95257249,0.933727081,0.957669506,0.95650382
AIOps/GAIA-96-Aff-F1,0.890752167,0.884609545,0.850757799,0.888842165,0.867882073,0.89329179,0.88369243,0.854950554,0.887336055,0.888480695,0.862915785,0.89329179,0.885027229,0.86372235,0.885783794,0.886110376
AIOps/GAIA-96-Aff-P,0.853279943,0.844234129,0.802666545,0.853005406,0.825942516,0.851083786,0.843433077,0.80740548,0.850190249,0.84738961,0.821208007,0.851083786,0.844340301,0.815982319,0.845194605,0.842901314
AIOps/GAIA-96-Aff-R,0.947799236,0.948287328,0.92882505,0.94346013,0.930574887,0.956100465,0.946888722,0.930640304,0.943821388,0.950514745,0.926914987,0.956100465,0.947655133,0.940130943,0.946664952,0.951896737
AIOps/GAIA-96-F1,0.316549985,0.299784153,0.287317425,0.235167872,0.251706554,0.308336853,0.303890847,0.286901328,0.233336261,0.282611142,0.299425314,0.308336853,0.31219957,0.293376115,0.248060606,0.322075478
AIOps/GAIA-96-P,0.337051656,0.305699135,0.293664956,0.243272051,0.23468547,0.319416562,0.314966193,0.300203178,0.247498639,0.284769347,0.303879484,0.319416562,0.325756083,0.298605517,0.253237004,0.328499628
AIOps/GAIA-96-R,0.561593761,0.594763221,0.537658827,0.494428132,0.5067809,0.574108088,0.594789538,0.543124046,0.49543261,0.537549421,0.527382765,0.574108088,0.59121999,0.542749284,0.517373393,0.569329066
AIOps/GAIA-96-R-A-P,0.352231453,0.180977,0.312987945,0.345068038,0.331320465,0.351087323,0.352083144,0.313491669,0.343315827,0.333882405,0.362684477,0.35387808,0.358097654,0.324571269,0.344608511,0.360839102
AIOps/GAIA-96-R-A-R,0.829101061,0.669784632,0.762870138,0.814927721,0.787471471,0.829776665,0.832606395,0.767828256,0.814951681,0.829527176,0.79290089,0.838178259,0.830757102,0.802026564,0.817211786,0.835690038
AIOps/GAIA-96-R-F1,0.325159572,0.360704524,0.375246571,0.294804459,0.321939791,0.306555676,0.367866127,0.379587022,0.298079809,0.290448635,0.368768104,0.306555676,0.378395504,0.37552335,0.297039834,0.341703304
AIOps/GAIA-96-R-P,0.294477201,0.325115013,0.341640791,0.258302966,0.276336504,0.273810973,0.332273517,0.352761676,0.262233598,0.25028058,0.32411459,0.273810973,0.351136552,0.337828846,0.254372181,0.302499996
AIOps/GAIA-96-R-R,0.653992842,0.697742662,0.619612473,0.603387378,0.612653522,0.663022698,0.70117216,0.623550399,0.605121063,0.623986372,0.624141002,0.663022698,0.696430655,0.632536509,0.622728789,0.666783592
AIOps/GAIA-96-V-PR,0.345782696,0.178049809,0.301396998,0.348984675,0.328534233,0.342779118,0.345745011,0.30162176,0.347612314,0.326717909,0.358500011,0.345642563,0.350719883,0.312369132,0.344685156,0.351866096
AIOps/GAIA-96-V-ROC,0.825440871,0.667947713,0.758618575,0.810501227,0.7842215,0.825595813,0.828528316,0.763110506,0.810536214,0.82372379,0.789347141,0.8338339,0.826254213,0.796293602,0.813360056,0.830503526
Health/ECG-96-A-P,0.214037014,0.133484996,0.200779462,0.122728373,0.192700311,0.214416406,0.222225069,0.199518015,0.139892597,0.224091055,0.157455962,0.215065908,0.222097422,0.204412934,0.218242824,0.144111476
Health/ECG-96-A-R,0.690888925,0.599156685,0.66783083,0.634634739,0.644007897,0.692599606,0.695438904,0.666399535,0.650199939,0.708207086,0.629694916,0.693597226,0.694188217,0.671866665,0.694403947,0.678670882
Health/ECG-96-Acc,0.925305406,0.92272484,0.931264204,0.902607571,0.930115196,0.928304081,0.921366449,0.921919908,0.896782407,0.917927815,0.928076738,0.928304081,0.923717539,0.919080279,0.925189493,0.892361896
Health/ECG-96-Aff-F1,0.836107386,0.835481305,0.838403203,0.756895784,0.822395758,0.837891864,0.840806529,0.841897037,0.77014399,0.838853026,0.803135219,0.837891864,0.844106359,0.845797925,0.825866943,0.772091932
Health/ECG-96-Aff-P,0.818762568,0.815946803,0.850721495,0.636545183,0.794896837,0.844871582,0.831235926,0.844331202,0.658981838,0.833530164,0.73425485,0.844871582,0.840101836,0.845333673,0.79580413,0.668816692
Health/ECG-96-Aff-R,0.884333559,0.888201564,0.851869765,0.942413516,0.878082901,0.862239305,0.879850848,0.867682661,0.940827863,0.879039771,0.902624799,0.862239305,0.878210989,0.877274421,0.886098098,0.932744833
Health/ECG-96-F1,0.166451578,0.18666535,0.162167823,0.160757412,0.1735452,0.150339396,0.171854498,0.16020842,0.167649166,0.178830652,0.161722041,0.150339396,0.172153714,0.163277066,0.179768627,0.156731851
Health/ECG-96-P,0.569268522,0.553594769,0.599548155,0.18280543,0.467553001,0.626710268,0.591314173,0.591775203,0.232488796,0.588655887,0.342355493,0.626710268,0.607328072,0.590872052,0.522783375,0.243398682
Health/ECG-96-R,0.156710439,0.188319038,0.134280192,0.204480987,0.168775445,0.135929262,0.167570322,0.151646939,0.230529773,0.185887636,0.142987963,0.135929262,0.165435164,0.16587492,0.179443181,0.229167809
Health/ECG-96-R-A-P,0.240986777,0.148755596,0.221749601,0.186754999,0.234179691,0.241157823,0.233057443,0.217743368,0.191700435,0.243971888,0.235480835,0.242019238,0.230892329,0.220632242,0.230302901,0.19305337
Health/ECG-96-R-A-R,0.774640753,0.638996932,0.742626044,0.745754032,0.725893423,0.775484295,0.762646325,0.743238114,0.750064047,0.78199461,0.716822245,0.776044684,0.757978049,0.748655287,0.761716816,0.773136302
Health/ECG-96-R-F1,0.255631693,0.241379024,0.270438642,0.141933205,0.230827181,0.262578546,0.252942845,0.262401563,0.158909268,0.255627231,0.203168154,0.262578546,0.256808506,0.259834842,0.231076177,0.172585066
Health/ECG-96-R-P,0.437088798,0.375969619,0.415661202,0.127870517,0.338873398,0.513201796,0.397678022,0.420521767,0.163715043,0.434214158,0.246437102,0.513201796,0.426174101,0.434831015,0.342323935,0.170063158
Health/ECG-96-R-R,0.220082521,0.259529797,0.245674339,0.221903348,0.237019964,0.213629549,0.255977221,0.251068084,0.232357437,0.238525319,0.224055194,0.213629549,0.256162115,0.255770264,0.253253153,0.227920677
Health/ECG-96-V-PR,0.244145665,0.152284217,0.227029603,0.184214018,0.236716933,0.244487825,0.239141458,0.224365865,0.191778348,0.247922648,0.235036485,0.245280364,0.236339811,0.22706032,0.23535744,0.194917782
Health/ECG-96-V-ROC,0.769102678,0.638515785,0.740897575,0.734298773,0.72522822,0.770083999,0.761804523,0.741921166,0.741383813,0.778031721,0.71688667,0.77058592,0.757139152,0.746931603,0.759679977,0.766316803
Health/SVDB-96-A-P,0.07497622,,0.073727333,0.065325162,0.069704644,0.075219369,0.076352355,0.074825833,0.071966331,0.075506341,0.064708788,0.075905333,0.076068558,0.075472768,0.074907963,0.080305022
Health/SVDB-96-A-R,0.563600013,,0.56272422,0.531218745,0.557902843,0.564573272,0.579462766,0.570239044,0.552852826,0.571606476,0.531917029,0.565013912,0.578445186,0.575642461,0.573817244,0.600932761
Health/SVDB-96-Acc,0.865132731,0.863213549,0.860609197,0.859512999,0.846241579,0.872857591,0.870584973,0.860342752,0.875502378,0.875066495,0.868463801,0.79016686,0.887210277,0.860735046,0.87619877,0.89059523
Health/SVDB-96-Aff-F1,0.726175339,0.723334544,0.720383314,0.710440161,0.707107556,0.725385717,0.731662654,0.727051581,0.717237411,0.729766025,0.694219837,0.656767344,0.732629625,0.730846707,0.721441516,0.71683401
Health/SVDB-96-Aff-P,0.610576451,0.60717826,0.602863404,0.569829843,0.582573346,0.611712194,0.616765772,0.604541531,0.581093651,0.620843224,0.562508516,0.551937245,0.617362245,0.614545935,0.594776366,0.582247084
Health/SVDB-96-Aff-R,0.940909397,0.93883205,0.932383753,0.961680173,0.930061257,0.936156133,0.939751567,0.94585835,0.960212708,0.933107611,0.916943859,0.847117428,0.939274692,0.942385136,0.948459283,0.943038713
Health/SVDB-96-F1,0.070130741,0.078501294,0.071836943,0.071476905,0.077098671,0.067965707,0.076955655,0.078731758,0.075635428,0.073970984,0.065652803,0.063723391,0.071718473,0.078142461,0.075784672,0.088239815
Health/SVDB-96-P,0.205116487,0.193841533,0.17336946,0.119951648,0.168759188,0.210320429,0.200157284,0.173470773,0.142989749,0.210786792,0.14193188,0.178744565,0.195589086,0.195293917,0.169891383,0.132481743
Health/SVDB-96-R,0.142389836,0.152314552,0.14491652,0.127193148,0.152066981,0.131767935,0.149196212,0.159518039,0.118523623,0.138368671,0.089555483,0.11919386,0.12561695,0.162999743,0.138824776,0.114820491
Health/SVDB-96-R-A-P,0.108945139,,0.108614494,0.103895965,0.106772342,0.109304662,0.109677519,0.10933541,0.107731284,0.109431928,0.103281007,0.110953307,0.108687717,0.109256421,0.107937968,0.124920855
Health/SVDB-96-R-A-R,0.649985895,,0.652432501,0.638383018,0.651477631,0.65068259,0.659003301,0.655693466,0.643589638,0.655330376,0.628156327,0.651946287,0.657104651,0.658144996,0.653970689,0.695097126
Health/SVDB-96-R-F1,0.125385975,0.114988941,0.116265511,0.101206013,0.112204613,0.127335737,0.119976679,0.114735743,0.109533007,0.121147663,0.107776694,0.115297651,0.118599726,0.119491092,0.11075375,0.122836942
Health/SVDB-96-R-P,0.168493716,0.140706408,0.127898057,0.093540855,0.1230248,0.1706622,0.146003603,0.117095641,0.11446263,0.162339123,0.095785244,0.144522395,0.142416651,0.142845107,0.11670128,0.106122148
Health/SVDB-96-R-R,0.196465855,0.210541091,0.211415402,0.199639856,0.203937476,0.193533847,0.210453249,0.215366584,0.20183991,0.200462801,0.18584508,0.174459237,0.207513143,0.213640167,0.210395826,0.196407821
Health/SVDB-96-V-PR,0.108047249,,0.107633996,0.100955562,0.104312001,0.1082427,0.109278345,0.108561187,0.106522237,0.108348358,0.100212388,0.109833238,0.108375809,0.108700525,0.107611195,0.121316328
Health/SVDB-96-V-ROC,0.644445647,,0.646382463,0.624500849,0.640465948,0.645155318,0.656421213,0.651359806,0.636123784,0.650184301,0.615122537,0.646090009,0.654794722,0.654806324,0.651070214,0.683236722
Machinery/GHL-96-A-P,0.008112227,0.006863831,0.017343092,0.005590095,0.001274166,0.006041268,0.006264974,0.011297259,0.005839623,0.00651228,0.003336577,0.006966515,0.006023858,0.008558936,0.00622507,0.006140164
Machinery/GHL-96-A-R,0.620438388,0.630944416,0.782987288,0.615956263,0.276968145,0.620336336,0.597606674,0.640763507,0.618336167,0.62547176,0.496157892,0.619498063,0.604656816,0.589814383,0.604284547,0.591883501
Machinery/GHL-96-Acc,0.974489031,0.870909051,0.85043972,0.870472942,0.992119488,0.857509125,0.870820162,0.98548897,0.870539608,0.994538919,0.868936839,0.856886906,0.994286143,0.897395014,0.994355587,0.920014333
Machinery/GHL-96-Aff-F1,0.701586288,0.679258712,0.6778885,0.675950924,0.696282703,0.692292579,0.677993722,0.655550777,0.672371896,0.680111012,0.696518489,0.691995468,0.691482303,0.648954927,0.678238136,0.687900859
Machinery/GHL-96-Aff-P,0.540681777,0.515645636,0.512858354,0.51186309,0.534968383,0.530063878,0.514154603,0.488870417,0.507621137,0.516538291,0.535253224,0.52969079,0.531529344,0.48146098,0.514380326,0.525865394
Machinery/GHL-96-Aff-R,0.999498467,0.995873126,0.999924455,0.995493713,0.99945863,0.999931111,0.995857906,0.995815387,0.995777016,0.995480581,0.999850064,0.999917553,0.989469503,0.995883232,0.995308359,0.995859716
Machinery/GHL-96-F1,0.002474691,0.002091399,0.019066829,0.002085089,0.003575685,0.005836153,0.001779914,0.020005335,0.002107411,,0.004539234,0.005395025,,0.003877821,,0.002903344
Machinery/GHL-96-P,0.001370204,0.001049084,0.009698467,0.001045909,0.002719033,0.003131675,0.000892837,0.010405105,0.001057106,,0.003219351,0.0028839,,0.001946843,,0.001459449
Machinery/GHL-96-R,0.012761021,0.324137931,0.564409153,0.324137931,0.005220418,0.319141531,0.275862069,0.25862069,0.327586207,,0.150048004,0.313953116,,0.475862069,,0.272413793
Machinery/GHL-96-R-A-P,0.012306505,0.011405231,0.017431832,0.009779501,0.002068589,0.010684726,0.011265776,0.013749251,0.010265382,0.012101424,0.006166943,0.011497725,0.010908812,0.012766154,0.010860988,0.010664154
Machinery/GHL-96-R-A-R,0.725336875,0.725160267,0.843754824,0.720342752,0.330657559,0.724558376,0.723806638,0.713681057,0.724006625,0.729141555,0.641407448,0.726196368,0.724596968,0.649173445,0.722323802,0.719098106
Machinery/GHL-96-R-F1,0.00363727,0.000371458,0.013157231,0.000511812,0.008008598,0.005922729,0.000508709,0.001913549,0.000474765,,0.008641609,0.005439219,,0.000826555,,0.000468374
Machinery/GHL-96-R-P,0.001852164,0.000185981,0.006756695,0.000256304,0.004170528,0.003039769,0.000254728,0.000959767,0.000237627,,0.004485139,0.002784822,,0.000414325,,0.000234606
Machinery/GHL-96-R-R,0.100464037,0.137044335,0.513290663,0.164827586,0.100464037,0.220464037,0.173563218,0.306896552,0.231034483,,0.214946796,0.220234152,,0.163448276,,0.131133005
Machinery/GHL-96-V-PR,0.011634134,0.010719725,0.01700432,0.009251921,0.00201974,0.010022001,0.010520641,0.013566166,0.00967107,0.0112343,0.006004713,0.010823909,0.010201422,0.012032564,0.010228019,0.009983092
Machinery/GHL-96-V-ROC,0.709754518,0.710549457,0.828127271,0.706000423,0.324280757,0.708922555,0.706387719,0.698514531,0.708924365,0.712949035,0.618813795,0.709994633,0.707502569,0.63283618,0.706190138,0.697935415
Machinery/Genesis-96-A-P,0.204790213,0.193005534,0.22406852,0.16413612,,,0.198660379,,0.170288734,,0.333895084,0.205500635,0.206801543,0.223242758,0.100773063,0.203844995
Machinery/Genesis-96-A-R,0.600834479,0.506139676,0.616329392,0.667452571,,,0.503621116,,0.643161947,,0.905368436,0.590595271,0.411095683,0.577070388,0.53277289,0.724652186
Machinery/Genesis-96-Acc,0.992053706,0.983764899,0.992807234,0.996643376,,,0.982805864,0.986093985,0.996643376,,0.972119468,0.996643376,0.991231676,0.986230991,0.996300863,0.996711878
Machinery/Genesis-96-Aff-F1,0.798200562,0.895819735,0.87503867,0.903806683,,,0.893805148,0.876947716,0.903806683,,0.869179534,0.85971035,0.889873092,0.893329595,0.788557054,0.864772586
Machinery/Genesis-96-Aff-P,0.68551042,0.846857651,0.809858473,0.859467615,,,0.843169909,0.813135025,0.859467615,,0.770223975,0.824277104,0.847106194,0.842267545,0.712701342,0.79887219
Machinery/Genesis-96-Aff-R,0.955229456,0.950790839,0.951629052,0.952969414,,,0.950910584,0.951629052,0.952969414,,0.997310315,0.898326773,0.937187841,0.950982431,0.88248336,0.942522994
Machinery/Genesis-96-F1,0.147058824,0.084942085,0.173228346,0.268656716,,,0.080586081,0.097777778,0.268656716,,0.150313152,0.289855072,0.146666667,0.098654709,0.129032258,0.225806452
Machinery/Genesis-96-P,0.11627907,0.052631579,0.142857143,0.529411765,,,0.049327354,0.062857143,0.529411765,,0.083916084,0.526315789,0.11,0.063583815,0.333333333,0.583333333
Machinery/Genesis-96-R,0.2,0.22,0.22,0.18,,,0.22,0.22,0.18,,0.72,0.2,0.22,0.22,0.08,0.14
Machinery/Genesis-96-R-A-P,0.130695147,0.096805333,0.111552528,0.117660144,,,0.096746466,,0.112969709,,0.224908186,0.113315725,0.105592308,0.109224144,0.087101005,0.133520981
Machinery/Genesis-96-R-A-R,0.737494296,0.679214415,0.767064386,0.805385671,,,0.676295352,,0.784816707,,0.919149465,0.725432825,0.605486667,0.754557291,0.669494235,0.85335029
Machinery/Genesis-96-R-F1,0.055435527,0.055688227,0.080275397,0.271727282,,,0.054179643,0.039392275,0.271727282,,0.020024373,0.208813021,0.100430679,0.058972289,0.215246637,0.241314301
Machinery/Genesis-96-R-P,0.03125,0.03125,0.047619048,0.375,,,0.03030303,0.021341463,0.375,,0.010204082,0.181818182,0.0625,0.033333333,0.3,0.285714286
Machinery/Genesis-96-R-R,0.245221445,0.255477855,0.255477855,0.213053613,,,0.255477855,0.255477855,0.213053613,,0.532400932,0.245221445,0.255477855,0.255477855,0.167832168,0.208857809
Machinery/Genesis-96-V-PR,0.123167774,0.097155926,0.111669634,0.112509672,,,0.097079761,,0.108065964,,0.222948633,0.109285821,0.105769095,0.109225715,0.084740114,0.131242374
Machinery/Genesis-96-V-ROC,0.695305502,0.636365141,0.725697687,0.778760126,,,0.633321254,,0.756172696,,0.906206837,0.682141818,0.56048548,0.710560945,0.631957999,0.816948838
Mackey Glass/MGAB-96-A-P,0.002584403,0.002805648,0.003073886,0.002465789,0.002412451,0.002482997,0.002769259,0.002832233,0.002670222,0.002942075,0.002734992,0.002573024,0.00276628,0.002863146,0.00261347,0.002532763
Mackey Glass/MGAB-96-A-R,0.523440715,0.569118625,0.549435867,0.505631473,0.517400032,0.515589532,0.548778331,0.543246919,0.524267715,0.53769936,0.565222889,0.520089444,0.547940674,0.543727608,0.519290831,0.494593708
Mackey Glass/MGAB-96-Acc,0.959053704,0.860785185,0.819466667,0.871888889,0.904105556,0.947885185,0.936455556,0.847198148,0.862172222,0.912972222,0.886762963,0.892916667,0.913342593,0.876796296,0.861462963,0.928801852
Mackey Glass/MGAB-96-Aff-F1,0.676376854,0.674912006,0.671978954,0.683776282,0.663596809,0.673602916,0.678550904,0.674037885,0.684679649,0.670303142,0.666628869,0.671044021,0.682381138,0.673189074,0.671113445,0.680080501
Mackey Glass/MGAB-96-Aff-P,0.517793392,0.518862701,0.50842044,0.543936733,0.503215349,0.512699384,0.530028807,0.520851514,0.524506726,0.51743326,0.502159345,0.513071855,0.53878853,0.51733226,0.506426418,0.518643356
Mackey Glass/MGAB-96-Aff-R,0.976965249,0.968785076,0.991986789,0.939588525,0.976337718,0.982246768,0.951254081,0.962750634,0.991620074,0.956401036,0.991533915,0.975188234,0.95503078,0.971350539,0.994989396,0.989058882
Mackey Glass/MGAB-96-F1,0.004680728,0.006037052,0.008228808,0.00581221,0.005653529,0.006481417,0.004900552,0.006083157,0.007193604,0.00483811,0.004035379,0.005230983,0.003716038,0.005560179,0.005923629,0.005834507
Mackey Glass/MGAB-96-P,0.003703425,0.003329647,0.004261722,0.003968194,0.003597702,0.00408488,0.002732643,0.003352471,0.004137943,0.002652854,0.002087114,0.003904118,0.001894663,0.00287365,0.003097168,0.003232606
Mackey Glass/MGAB-96-R,0.035833333,0.190833333,0.236666667,0.1075,0.083333333,0.045,0.091666667,0.1925,0.143333333,0.12,0.1425,0.115,0.1,0.158333333,0.149166667,0.0775
Mackey Glass/MGAB-96-R-A-P,0.0042627,0.004745738,0.004606194,0.004386607,0.004282715,0.004284655,0.00447748,0.004494522,0.004676148,0.004557951,0.004371278,0.004293747,0.004522195,0.004532034,0.00440891,0.004659982
Mackey Glass/MGAB-96-R-A-R,0.619299481,0.624664091,0.615321247,0.62645148,0.619349452,0.620148028,0.617511489,0.616571351,0.638731108,0.633308802,0.631705193,0.621421975,0.622868343,0.618802806,0.616521256,0.623228935
Mackey Glass/MGAB-96-R-F1,0.007191018,0.006226617,0.007588401,0.004812808,0.00596947,0.008960905,0.005803933,0.005317043,0.00813187,0.004366813,0.003810509,0.006697541,0.003570051,0.005552627,0.006107418,0.006373269
Mackey Glass/MGAB-96-R-P,0.004245362,0.003352767,0.003878611,0.0027012,0.003260051,0.004828896,0.00322961,0.002811352,0.004334152,0.002316675,0.001937938,0.00394171,0.001806741,0.002835492,0.003130116,0.003340989
Mackey Glass/MGAB-96-R-R,0.087111111,0.22,0.316,0.160111111,0.128,0.111444444,0.133333333,0.255333333,0.233333333,0.145722222,0.181333333,0.173722222,0.15,0.227666667,0.240666667,0.142444444
Mackey Glass/MGAB-96-V-PR,0.004177958,0.004647588,0.004468533,0.004232331,0.004134585,0.004191742,0.004400486,0.004382781,0.004553696,0.004431425,0.00426762,0.004205316,0.004419092,0.00441975,0.004338811,0.004529278
Mackey Glass/MGAB-96-V-ROC,0.605213506,0.612612794,0.600962435,0.605971512,0.600570303,0.604325179,0.606954578,0.603064445,0.621337777,0.615779639,0.62089961,0.606267513,0.610557463,0.605816984,0.6018328,0.605344623
Movement/Daphnet-96-A-P,0.070631838,0.069453421,0.064914509,0.071366075,0.06644441,0.051735734,0.069588869,0.064926289,0.071226642,0.069563244,0.066615833,0.071568626,0.069108678,0.063599813,0.072139519,0.070007337
Movement/Daphnet-96-A-R,0.655483894,0.64948255,0.633853265,0.658459549,0.614130443,0.469188738,0.648503554,0.634010059,0.657472981,0.659294808,0.610078219,0.657534566,0.645092855,0.627533547,0.658721863,0.653900603
Movement/Daphnet-96-Acc,0.884207819,0.917454806,0.887922546,0.908965315,0.64551918,0.880432466,0.927250514,0.883449074,0.915026088,0.857032628,0.899790564,0.886362801,0.899050191,0.889673354,0.918520356,0.914893812
Movement/Daphnet-96-Aff-F1,0.734936997,0.719460159,0.713978394,0.720401075,0.523418619,0.727080599,0.718086455,0.712117368,0.719953663,0.685756983,0.736836806,0.731591571,0.718722222,0.712620901,0.716557268,0.729091028
Movement/Daphnet-96-Aff-P,0.599260795,0.581253711,0.572965864,0.586534113,0.423691895,0.594175292,0.579836512,0.570578541,0.586606782,0.549931271,0.599622864,0.593927548,0.572236684,0.571487774,0.577951549,0.597044222
Movement/Daphnet-96-Aff-R,0.979765371,0.965424644,0.974219361,0.967485972,0.699135761,0.973116705,0.964256703,0.97422218,0.965322081,0.927174551,0.979306954,0.983780041,0.984267915,0.972765866,0.96721131,0.967906319
Movement/Daphnet-96-F1,0.057874093,0.054483162,0.067684191,0.06740344,0.043084594,0.058990518,0.05359269,0.06620711,0.056890397,0.062166178,0.068274894,0.080296133,0.061937895,0.06287252,0.056143905,0.052780693
Movement/Daphnet-96-P,0.104459683,0.11151756,0.117195883,0.120814324,0.103054558,0.115810365,0.110229371,0.113646875,0.122946817,0.090850147,0.117560905,0.10615495,0.105137114,0.102880035,0.110705908,0.112405521
Movement/Daphnet-96-R,0.136037689,0.082505417,0.16229796,0.135207482,0.085406542,0.14357959,0.073610265,0.166616384,0.122599986,0.166737503,0.13499316,0.177823852,0.129322077,0.154661949,0.114090896,0.0846277
Movement/Daphnet-96-R-A-P,0.128318877,0.125015263,0.117469149,0.131910487,0.118245004,0.091898043,0.125177148,0.117522012,0.131630399,0.127105715,0.120292907,0.129099571,0.125416388,0.116896492,0.130326865,0.128307489
Movement/Daphnet-96-R-A-R,0.762460048,0.754974839,0.748789561,0.773270083,0.703330297,0.542921257,0.754570145,0.749343581,0.772807644,0.763473851,0.70110898,0.762031959,0.755129352,0.745937617,0.768751289,0.762357302
Movement/Daphnet-96-R-F1,0.105473573,0.109476379,0.116707808,0.11757114,0.087931447,0.112253477,0.111578336,0.115737992,0.120307483,0.092258882,0.121722441,0.115846603,0.112953675,0.114237058,0.112944541,0.113077316
Movement/Daphnet-96-R-P,0.08962449,0.093288846,0.105630447,0.106908188,0.089775982,0.102156603,0.094847783,0.102855864,0.111650903,0.080816272,0.10826297,0.105549417,0.097893941,0.101027186,0.101655283,0.102255859
Movement/Daphnet-96-R-R,0.178296349,0.160535845,0.176381075,0.174786446,0.124846268,0.185269333,0.159117209,0.176375145,0.175077805,0.140308116,0.181216079,0.183222656,0.186464393,0.172750246,0.175265381,0.170552613
Movement/Daphnet-96-V-PR,0.126157277,0.123223474,0.115702841,0.128780443,0.117030627,0.090449439,0.123617635,0.115717356,0.128506092,0.124387785,0.118915786,0.126376398,0.123811439,0.115067138,0.127797838,0.12637389
Movement/Daphnet-96-V-ROC,0.75062849,0.743755142,0.735303472,0.759476679,0.695121131,0.534886048,0.743427092,0.735745377,0.75900264,0.752182735,0.691903915,0.750119168,0.743322548,0.73203163,0.756490993,0.750888651
Movement/OPP-96-A-P,0.01510209,0.016191771,0.023844473,0.014885913,0.014520909,0.015152825,0.01614652,0.02304231,0.014872691,0.014910934,0.014447256,0.015065316,0.015613175,0.019089235,0.014801346,0.014836403
Movement/OPP-96-A-R,0.219081669,0.224367415,0.335197085,0.236020361,0.211689336,0.218982398,0.223819052,0.324719776,0.23372977,0.218605729,0.206526892,0.218382201,0.22261244,0.297537044,0.22023116,0.21857721
Movement/OPP-96-Acc,0.896492835,0.907186845,0.908051504,0.895240893,0.894317722,0.901716876,0.906739028,0.910088815,0.895310921,0.895839085,0.8953907,0.895516931,0.902904293,0.903703379,0.897293081,0.895107784
Movement/OPP-96-Aff-F1,0.722981963,0.735231923,0.742157308,0.72280059,0.712939124,0.724395138,0.735110833,0.741784258,0.723329213,0.720786403,0.716312948,0.728106583,0.73429859,0.739322326,0.72822764,0.721001172
Movement/OPP-96-Aff-P,0.598069893,0.616767603,0.625923142,0.600423646,0.58882977,0.600981786,0.616314203,0.625597295,0.60179574,0.595811284,0.592632693,0.607280674,0.615387541,0.623270627,0.609357186,0.59658469
Movement/OPP-96-Aff-R,0.961589229,0.957508357,0.957141186,0.955898167,0.955818951,0.959825901,0.958023796,0.95657042,0.954777973,0.96117641,0.956462207,0.958778974,0.957132958,0.955385769,0.954761538,0.958141749
Movement/OPP-96-F1,0.005005935,0.007662754,0.017732589,0.003325714,0.002588654,0.004912768,0.007989377,0.016749927,0.003186809,0.004523403,0.002575983,0.005207408,0.006250135,0.009748643,0.003590182,0.00406073
Movement/OPP-96-P,0.011293931,0.028021101,0.035333223,0.005340192,0.003838324,0.011325288,0.027056151,0.03339122,0.00504589,0.009144925,0.004286249,0.011167236,0.014923436,0.021406123,0.006420897,0.006921252
Movement/OPP-96-R,0.019393982,0.022233444,0.044569259,0.01626566,0.012099188,0.017612827,0.022415761,0.040719054,0.015991573,0.019060239,0.012921228,0.020903169,0.021980557,0.031287745,0.017700857,0.018216249
Movement/OPP-96-R-A-P,0.039607209,0.04236239,0.051842787,0.037774702,0.034494257,0.03960935,0.042420566,0.050860518,0.038018152,0.03873276,0.034538411,0.039360088,0.041598,0.045819247,0.03891965,0.037958913
Movement/OPP-96-R-A-R,0.514906945,0.520401373,0.570019198,0.521821304,0.497348806,0.513863965,0.52068254,0.564832353,0.520926893,0.512517049,0.496071843,0.51380116,0.520511266,0.55396526,0.51449151,0.51249205
Movement/OPP-96-R-F1,0.014097224,0.020453959,0.019685729,0.009019919,0.006916258,0.014504914,0.019421495,0.019425197,0.008923538,0.014025276,0.007075665,0.014227953,0.013439956,0.015764058,0.01068031,0.010148628
Movement/OPP-96-R-P,0.011351875,0.018751499,0.017565699,0.005582971,0.004275601,0.011601023,0.017134638,0.017269855,0.005606925,0.009903871,0.004288621,0.010928014,0.009620062,0.013338024,0.007338418,0.00684861
Movement/OPP-96-R-R,0.079418057,0.084053433,0.087748528,0.074242296,0.063227401,0.077899104,0.085929541,0.08477487,0.074238861,0.088654919,0.065334597,0.079400217,0.075665497,0.078488916,0.071934698,0.073828503
Movement/OPP-96-V-PR,0.038521075,0.040901267,0.050047874,0.036953911,0.034034913,0.038529962,0.040976127,0.049092356,0.037160515,0.037783843,0.034105807,0.038327966,0.040291813,0.044282927,0.037895606,0.037094739
Movement/OPP-96-V-ROC,0.480322624,0.485740278,0.542401781,0.488246343,0.464683548,0.47962523,0.485899849,0.536629402,0.487217794,0.478510877,0.463162014,0.479400361,0.485485903,0.523458114,0.480173525,0.478269901
Multiple/KDD21-96-A-P,0.017195623,0.018968579,0.019888497,0.027490511,0.019600693,0.01794737,0.01848866,0.019871049,0.021791205,0.017229405,0.017400805,0.017609534,0.019077017,0.022380301,0.014131032,0.026059395
Multiple/KDD21-96-A-R,0.524405737,0.5360128,0.528582953,0.529309572,0.53625464,0.526678187,0.527188602,0.541062522,0.521968069,0.526199772,0.532557183,0.521167136,0.522258486,0.538782745,0.51716831,0.571243469
Multiple/KDD21-96-Acc,0.920642376,0.918193882,0.901837303,0.921323506,0.914826683,0.91324186,0.907468415,0.906383429,0.918557708,0.920097134,0.936575214,0.911142702,0.9119004,0.91248398,0.921021154,0.933907247
Multiple/KDD21-96-Aff-F1,0.711545127,0.716424472,0.726265551,0.707910822,0.714849932,0.710494111,0.720809673,0.722562373,0.706820873,0.712296782,0.714047545,0.712727975,0.725358788,0.721632319,0.708036415,0.729085158
Multiple/KDD21-96-Aff-P,0.564366372,0.573236092,0.594980174,0.557637981,0.572766768,0.56340765,0.581926803,0.585848132,0.556561279,0.565242583,0.567213183,0.568406645,0.585773162,0.581518191,0.561998918,0.588577736
Multiple/KDD21-96-Aff-R,0.981029374,0.977981617,0.965776163,0.983805686,0.975917,0.979542348,0.974701977,0.972455806,0.984975986,0.980778797,0.985601773,0.975820857,0.97918798,0.977025535,0.973925047,0.982035059
Multiple/KDD21-96-F1,0.019287178,0.022639565,0.020206345,0.022254206,0.023522118,0.019309915,0.019974011,0.022319652,0.023299037,0.020365216,0.019908618,0.01885482,0.021059809,0.026777762,0.013964923,0.025012864
Multiple/KDD21-96-P,0.049511474,0.046022224,0.057499752,0.039428561,0.044106122,0.050280614,0.047810551,0.060264712,0.046556858,0.051254815,0.06249881,0.046080888,0.053339181,0.060776891,0.026684244,0.066811948
Multiple/KDD21-96-R,0.087237272,0.103567483,0.100780102,0.108001696,0.115574026,0.103449223,0.117782428,0.109201514,0.100363416,0.100892397,0.071350794,0.104466992,0.123693818,0.116177992,0.09054741,0.106783042
Multiple/KDD21-96-R-A-P,0.021611732,0.023701921,0.025999775,0.028911504,0.022366754,0.02190244,0.022936767,0.025132936,0.025022003,0.021753338,0.022313563,0.021426051,0.022668164,0.024810803,0.019338168,0.029748733
Multiple/KDD21-96-R-A-R,0.615503725,0.625267648,0.620249287,0.619488242,0.624597613,0.616700705,0.620436716,0.632983555,0.61298328,0.619566692,0.624376319,0.612299469,0.615495593,0.62935019,0.606333643,0.659091707
Multiple/KDD21-96-R-F1,0.035353674,0.034838141,0.039193525,0.041581298,0.038827899,0.035929422,0.03332976,0.042590137,0.039187199,0.035848047,0.043099426,0.033856594,0.035689776,0.040381707,0.026069317,0.052149777
Multiple/KDD21-96-R-P,0.038454674,0.033843137,0.050694834,0.037220406,0.035945156,0.036458696,0.035567618,0.050460748,0.036928843,0.034610833,0.050627716,0.034838329,0.041076687,0.042575472,0.018309615,0.058109687
Multiple/KDD21-96-R-R,0.135961181,0.147583517,0.152283122,0.164185517,0.153919459,0.149798588,0.163693846,0.166453057,0.156696356,0.144601214,0.147453851,0.133356614,0.16985563,0.168985549,0.145206681,0.154567126
Multiple/KDD21-96-V-PR,0.02186168,0.023787379,0.025830962,0.031925227,0.023829162,0.022141495,0.023066691,0.025046291,0.025989539,0.024458847,0.024023664,0.021650471,0.022948438,0.02505947,0.019526918,0.032698175
Multiple/KDD21-96-V-ROC,0.608412138,0.618349612,0.613449362,0.613352895,0.61692444,0.610333255,0.612720972,0.624945819,0.606250994,0.613030296,0.618504005,0.605604051,0.608314005,0.621784204,0.600877828,0.651032071
Multiple/NAB-96-A-P,0.049303376,0.053012734,0.04992381,0.047661238,0.044033422,0.05078576,0.053329991,0.050377809,0.047955448,0.051883543,0.045430923,0.07727226,0.052981916,0.079331099,0.049447498,0.050939126
Multiple/NAB-96-A-R,0.179433254,0.18651981,0.181433917,0.17784863,0.171211717,0.180723213,0.187254045,0.182393432,0.178045126,0.181604615,0.171071736,0.27591379,0.185150863,0.282862045,0.179867441,0.17945524
Multiple/NAB-96-Acc,0.270007511,0.270962639,0.27051853,0.259857714,0.261645026,0.270278041,0.271999745,0.268881533,0.259775432,0.261684304,0.26240864,0.270278041,0.270899756,0.26862768,0.262903842,0.265794419
Multiple/NAB-96-Aff-F1,0.245729623,0.244934219,0.249369153,0.24300336,0.242243753,0.242986154,0.244031292,0.248986212,0.243289646,0.244776253,0.24298558,0.242986154,0.246899534,0.252331614,0.249343873,0.245445291
Multiple/NAB-96-Aff-P,0.215631037,0.213228912,0.227354016,0.213130676,0.211575653,0.213242167,0.21137499,0.22631163,0.213607491,0.215844917,0.210832218,0.213242167,0.217547605,0.232045506,0.222247447,0.214470488
Multiple/NAB-96-Aff-R,0.291812863,0.293678318,0.286414878,0.293009968,0.291614005,0.290383116,0.293936632,0.287184413,0.292985024,0.292800498,0.294905581,0.290383116,0.291941952,0.286455698,0.29411144,0.295437002
Multiple/NAB-96-F1,0.017752048,0.024565685,0.0200689,0.025775672,0.026416486,0.013946676,0.024470608,0.021850962,0.025910919,0.028873384,0.029333115,0.013946676,0.021200624,0.023978594,0.027666086,0.033073764
Multiple/NAB-96-P,0.119951413,0.120304992,0.123658122,0.129247072,0.117621874,0.113904016,0.109240691,0.122539226,0.130128584,0.127250406,0.113095175,0.113904016,0.113475343,0.138452242,0.124148127,0.115405521
Multiple/NAB-96-R,0.012991663,0.022534237,0.016935718,0.031364545,0.028076615,0.010473382,0.018144437,0.020403888,0.031680311,0.031158479,0.029973486,0.010473382,0.01647983,0.024340912,0.029072533,0.031023445
Multiple/NAB-96-R-A-P,0.073310748,0.076508772,0.073351946,0.072013461,0.068388184,0.074743764,0.076742809,0.073762514,0.072394496,0.074931422,0.070092759,0.113948607,0.076538561,0.114885737,0.073989016,0.074368722
Multiple/NAB-96-R-A-R,0.209457008,0.21378168,0.211303154,0.208804085,0.204801553,0.210970202,0.21435703,0.211994456,0.209070882,0.210223218,0.206028296,0.322063183,0.213613108,0.326625624,0.210661741,0.210065761
Multiple/NAB-96-R-F1,0.071332996,0.075440702,0.069468952,0.07171431,0.06414162,0.069977231,0.071849905,0.068926848,0.071558547,0.0704242,0.066873713,0.069977231,0.06911194,0.073773022,0.070970548,0.072198973
Multiple/NAB-96-R-P,0.107300424,0.102528835,0.106754896,0.114286658,0.084793648,0.101961901,0.089903532,0.103755887,0.114717698,0.117926839,0.083991564,0.101961901,0.085332889,0.118256722,0.107339116,0.095119653
Multiple/NAB-96-R-R,0.059843999,0.062882753,0.061109278,0.06052209,0.06109352,0.059810348,0.062500542,0.060889276,0.060571567,0.058532529,0.062810837,0.059810348,0.062161074,0.061125274,0.061840965,0.061850057
Multiple/NAB-96-V-PR,0.072968373,0.076164983,0.073537483,0.07155154,0.068038072,0.074460969,0.076508014,0.073934469,0.071922575,0.074690257,0.069982715,0.113499195,0.076450878,0.115135636,0.073577933,0.074086238
Multiple/NAB-96-V-ROC,0.206988685,0.211462678,0.209127339,0.20627399,0.201895203,0.20851687,0.212211183,0.20983084,0.20650312,0.207942537,0.203273353,0.318379546,0.211408125,0.323415434,0.208068692,0.207611161
Multiple/YAHOO-96-A-P,0.189656843,0.372857077,0.188453445,0.449325112,0.150644428,0.200473826,0.361825663,0.193053182,0.448819271,0.161311166,0.227741836,0.248590853,0.347893182,0.264064565,0.446888382,0.228802867
Multiple/YAHOO-96-A-R,0.46631034,0.511812557,0.458440614,0.525817316,0.406634211,0.467109981,0.509615163,0.459412828,0.525613839,0.455722098,0.454696041,0.597155901,0.50703834,0.596320744,0.524563079,0.47693103
Multiple/YAHOO-96-Acc,0.49997651,0.523184688,0.49236808,0.530964596,0.495081182,0.498508381,0.521366558,0.490986864,0.531535404,0.501141617,0.503457737,0.504921167,0.521646089,0.490002631,0.531901849,0.505097343
Multiple/YAHOO-96-Aff-F1,0.400329036,0.46900977,0.406061912,0.497354426,0.394356877,0.396314262,0.462789642,0.406289783,0.497501209,0.397562807,0.408736012,0.399319173,0.453209605,0.408719704,0.49690813,0.404898656
Multiple/YAHOO-96-Aff-P,0.35150693,0.452284276,0.368138325,0.489669751,0.357950616,0.345682709,0.442535927,0.366650835,0.491705051,0.349310086,0.379894496,0.350286605,0.435044496,0.369026569,0.492167141,0.362572638
Multiple/YAHOO-96-Aff-R,0.488606014,0.500885548,0.475841211,0.515762103,0.461418995,0.486133079,0.499929737,0.477674517,0.513324334,0.48158893,0.464688779,0.483689823,0.490996657,0.4813594,0.510823294,0.479693824
Multiple/YAHOO-96-F1,0.113114793,0.294644822,0.111429762,0.349443175,0.089112436,0.101363491,0.282860984,0.111592002,0.351425837,0.109115306,0.140787845,0.109558313,0.265190771,0.116522199,0.364324516,0.132887445
Multiple/YAHOO-96-P,0.088722525,0.266066728,0.091166001,0.307094854,0.073339929,0.076701289,0.254751334,0.090046576,0.309677815,0.085236952,0.117671136,0.082765731,0.238848767,0.094515878,0.32708499,0.10483907
Multiple/YAHOO-96-R,0.334541249,0.463506015,0.353660489,0.507505386,0.26310456,0.33396874,0.453535852,0.354015559,0.503485848,0.319348431,0.340526493,0.326129043,0.440258981,0.365320867,0.499717065,0.36535698
Multiple/YAHOO-96-R-A-P,0.106079061,0.297833031,0.107226555,0.386514889,0.074255705,0.112336165,0.284078808,0.110342982,0.385478648,0.081983166,0.136696564,0.137017963,0.263875496,0.153681639,0.384476039,0.139718696
Multiple/YAHOO-96-R-A-R,0.427265091,0.492884647,0.416779803,0.513572314,0.344711871,0.428259463,0.48979162,0.418044924,0.51329345,0.411839633,0.407604477,0.544822508,0.485988652,0.545818517,0.511787008,0.44120801
Multiple/YAHOO-96-R-F1,0.120077251,0.331463918,0.158583726,0.361652528,0.117293552,0.112199323,0.320447195,0.158266464,0.364666557,0.115024937,0.169364035,0.11808729,0.305614671,0.163403128,0.377294372,0.149802358
Multiple/YAHOO-96-R-P,0.093251768,0.298966392,0.127913248,0.324399347,0.096143386,0.084300048,0.289359228,0.12730021,0.328341107,0.089084194,0.142433753,0.088931052,0.276921154,0.131482848,0.344587942,0.117545809
Multiple/YAHOO-96-R-R,0.334518229,0.46336022,0.354036487,0.507589794,0.263050846,0.33394572,0.453681647,0.354429924,0.503570256,0.319471206,0.340488126,0.326182757,0.440404776,0.365635477,0.499740085,0.365472082
Multiple/YAHOO-96-V-PR,0.0989179,0.274794589,0.10013906,0.377469243,0.070018722,0.104718372,0.262054494,0.102959383,0.375822909,0.077182021,0.127347411,0.127835378,0.243543242,0.143097864,0.37104735,0.129832564
Multiple/YAHOO-96-V-ROC,0.4251876,0.483925991,0.417320017,0.51371317,0.354931532,0.425791989,0.481051935,0.418478229,0.513039597,0.412717617,0.4075274,0.542940569,0.477742954,0.544960466,0.510428427,0.437896763
Server Machine/SMD-96-A-P,0.305496054,0.281332184,0.264462303,0.298922288,0.311947722,0.305354395,0.287676878,0.265638258,0.300172039,0.293291826,0.334279689,0.309485171,0.306958145,0.285420834,0.281840303,0.327112182
Server Machine/SMD-96-A-R,0.771078651,0.770666819,0.730979284,0.758491204,0.752412295,0.770367663,0.773976844,0.735630123,0.759560733,0.768481754,0.763599018,0.772225807,0.777935189,0.772130689,0.759598521,0.775925326
Server Machine/SMD-96-Acc,0.940362496,0.934711381,0.931998406,0.938933646,0.944817593,0.93814118,0.935360896,0.933907101,0.937379112,0.938617709,0.941457975,0.938652929,0.933792137,0.937830357,0.937777049,0.93808484
Server Machine/SMD-96-Aff-F1,0.821898295,0.813397847,0.808480736,0.816285779,0.813142158,0.822137509,0.814542879,0.809307273,0.815904607,0.818662296,0.818837698,0.820403231,0.814390195,0.810755229,0.811391451,0.825425173
Server Machine/SMD-96-Aff-P,0.748188444,0.749782923,0.748468383,0.739131463,0.750222677,0.75000358,0.752339123,0.749920339,0.738193334,0.743902369,0.750468779,0.745618216,0.748877481,0.750840696,0.728640372,0.755949453
Server Machine/SMD-96-Aff-R,0.943370706,0.928660275,0.916835714,0.948950944,0.929193337,0.942487231,0.928120213,0.919438126,0.949281731,0.946508898,0.934592491,0.945556894,0.931918232,0.922206153,0.95273477,0.943483827
Server Machine/SMD-96-F1,0.236709867,0.217892267,0.212679562,0.237526199,0.230331337,0.242658509,0.230462178,0.208356321,0.235159838,0.236148806,0.249600798,0.241042345,0.239720689,0.20421305,0.218186806,0.239411981
Server Machine/SMD-96-P,0.396333237,0.406795757,0.406374373,0.40888779,0.454174527,0.409842115,0.415070496,0.414683914,0.408763266,0.379566251,0.44390236,0.395461738,0.417277788,0.42557442,0.396093935,0.431414245
Server Machine/SMD-96-R,0.276119295,0.279490789,0.262950057,0.270511528,0.244674329,0.278923689,0.284102632,0.259448088,0.276608187,0.28309473,0.268895112,0.283639342,0.295162176,0.252330054,0.264779355,0.278633908
Server Machine/SMD-96-R-A-P,0.308704697,0.283288304,0.246464581,0.295794078,0.270476737,0.304623202,0.288850348,0.249856058,0.296145307,0.307658386,0.299652528,0.310491894,0.304621303,0.283604802,0.286122348,0.343319845
Server Machine/SMD-96-R-A-R,0.802623188,0.792571091,0.750043031,0.797950224,0.7789372,0.800766837,0.795994004,0.755851184,0.797857479,0.801831248,0.790834963,0.80344681,0.80138261,0.790376634,0.795240368,0.809301933
Server Machine/SMD-96-R-F1,0.204014404,0.222568908,0.22154481,0.207953407,0.224203906,0.209436789,0.225727342,0.221116063,0.206769328,0.195725218,0.216165444,0.205444049,0.225793533,0.213519287,0.203308025,0.210273069
Server Machine/SMD-96-R-P,0.331073991,0.379447323,0.387537394,0.365273173,0.398026513,0.341504163,0.383899074,0.399179476,0.365726131,0.323822358,0.375291288,0.33865177,0.37895772,0.39120155,0.351253594,0.371839203
Server Machine/SMD-96-R-R,0.229675102,0.247136092,0.239706256,0.233932205,0.240841916,0.227783422,0.24915187,0.240904199,0.22959683,0.219688721,0.235267055,0.230024302,0.259643739,0.242273481,0.211998196,0.235603271
Server Machine/SMD-96-V-PR,0.299634751,0.274003694,0.239440077,0.287484124,0.268652545,0.296416198,0.279336247,0.242743503,0.288114831,0.297882675,0.296683073,0.301477985,0.294623278,0.273924182,0.278499269,0.331293635
Server Machine/SMD-96-V-ROC,0.794594667,0.78548004,0.742887656,0.788656015,0.772949348,0.793018446,0.788606779,0.748673593,0.788884356,0.793293636,0.783811396,0.795698081,0.793413085,0.78479427,0.787316992,0.801437841
Spacecraft/NASA-MSL-96-A-P,0.307639855,0.313461693,0.289721792,0.322413984,0.313050473,0.31292569,0.31390905,0.288345464,0.323233209,0.284628714,0.309988415,0.312739261,0.323533754,0.297795197,0.334173724,0.333501506
Spacecraft/NASA-MSL-96-A-R,0.683303858,0.700915706,0.637527243,0.702199953,0.654239887,0.691305825,0.701947502,0.641498115,0.702258773,0.667190901,0.663734104,0.706472485,0.703411496,0.688602949,0.703242557,0.706361878
Spacecraft/NASA-MSL-96-Acc,0.872057709,0.875195675,0.870150208,0.879591432,0.882848276,0.870861238,0.877401442,0.870238845,0.875567697,0.878859122,0.882015516,0.870971136,0.884020797,0.883069016,0.871951684,0.88431658
Spacecraft/NASA-MSL-96-Aff-F1,0.864590823,0.842491344,0.845703166,0.848668885,0.858657502,0.863989623,0.84435403,0.847428586,0.846235989,0.860742005,0.84222229,0.86122159,0.86787881,0.85099558,0.856165961,0.862371696
Spacecraft/NASA-MSL-96-Aff-P,0.825153961,0.793773665,0.788265891,0.79577953,0.816978592,0.818832102,0.792856346,0.793165232,0.79181451,0.815432082,0.788380716,0.812485582,0.831297572,0.79908106,0.80421362,0.819418529
Spacecraft/NASA-MSL-96-Aff-R,0.927008974,0.92177453,0.930440481,0.92857687,0.924590728,0.9323919,0.924872646,0.927564434,0.928153956,0.930788046,0.924768939,0.936031,0.921817502,0.927499748,0.935681596,0.924810438
Spacecraft/NASA-MSL-96-F1,0.241464177,0.251777271,0.291713457,0.205822351,0.237442999,0.237274434,0.257524701,0.279465287,0.204634806,0.177795134,0.251136078,0.258522015,0.288864269,0.29082869,0.225973276,0.273610149
Spacecraft/NASA-MSL-96-P,0.562611018,0.501106334,0.496757944,0.57463954,0.603006194,0.586778361,0.517305591,0.508752584,0.552628003,0.560978281,0.590534539,0.556971259,0.551093938,0.540822007,0.539264181,0.568646896
Spacecraft/NASA-MSL-96-R,0.221563854,0.239630614,0.272220077,0.148635616,0.18838443,0.241205687,0.241445533,0.264730527,0.156616033,0.152583825,0.209251545,0.236057545,0.270572781,0.264791844,0.196788354,0.227049922
Spacecraft/NASA-MSL-96-R-A-P,0.386864731,0.37417984,0.346949962,0.412109986,0.350455116,0.39034765,0.374772022,0.347890593,0.412321481,0.370135904,0.343826472,0.394773682,0.387499916,0.368685859,0.417403676,0.411503814
Spacecraft/NASA-MSL-96-R-A-R,0.756904227,0.771623595,0.713657442,0.777836557,0.728554422,0.764454776,0.768873314,0.716321945,0.776853365,0.753431196,0.733124643,0.785409418,0.770592167,0.771797988,0.781203175,0.784146789
Spacecraft/NASA-MSL-96-R-F1,0.283400519,0.294877452,0.309107072,0.287425889,0.333902651,0.280451228,0.299738589,0.297382252,0.281842064,0.27847301,0.324327518,0.272521084,0.307201993,0.32266855,0.283378556,0.317101379
Spacecraft/NASA-MSL-96-R-P,0.567123555,0.489261645,0.448557229,0.549565165,0.575857471,0.578768011,0.492134224,0.449027957,0.523430301,0.560452727,0.541770042,0.531672243,0.526723467,0.503208383,0.521929713,0.593004126
Spacecraft/NASA-MSL-96-R-R,0.215099632,0.268097682,0.308752602,0.217791344,0.26664669,0.230679098,0.271926601,0.301689271,0.217590395,0.224397415,0.270375629,0.22784612,0.272560777,0.293282735,0.231509753,0.239652477
Spacecraft/NASA-MSL-96-V-PR,0.382203277,0.373537624,0.346082388,0.409131807,0.350862292,0.388962831,0.374262541,0.346593888,0.409680612,0.366329815,0.346271127,0.39429867,0.386237165,0.365904174,0.414203282,0.40846833
Spacecraft/NASA-MSL-96-V-ROC,0.750829124,0.765074581,0.706259996,0.770753542,0.720433251,0.758932326,0.763443578,0.709160592,0.769676198,0.745741494,0.726314699,0.778212385,0.764066296,0.762992585,0.773297024,0.774628194
Spacecraft/NASA-SMAP-96-A-P,0.345045322,0.313179037,0.21122911,0.351270877,0.30488269,0.33629815,0.313830452,0.216518608,0.357508206,0.319264818,0.324062913,0.347535732,0.326733443,0.261370182,0.356811693,0.320813596
Spacecraft/NASA-SMAP-96-A-R,0.687033518,0.698622849,0.622365232,0.689120099,0.596304603,0.683944332,0.700969953,0.630452661,0.688261905,0.674977684,0.641090418,0.688209482,0.698914657,0.674097342,0.680802654,0.668150472
Spacecraft/NASA-SMAP-96-Acc,0.938823797,0.9633996,0.950321693,0.941520251,0.527038649,0.936681467,0.960849879,0.949155843,0.948144446,0.849167047,0.968944215,0.94708339,0.962932788,0.951821274,0.968785176,0.957817923
Spacecraft/NASA-SMAP-96-Aff-F1,0.89745244,0.915009155,0.901522314,0.88195779,0.520399462,0.89585609,0.914084285,0.897352744,0.888684497,0.804729584,0.913482964,0.906330107,0.922655757,0.901473217,0.899941811,0.912263552
Spacecraft/NASA-SMAP-96-Aff-P,0.846909942,0.869893784,0.851566121,0.821529862,0.503500669,0.844653096,0.86969908,0.843895831,0.832251503,0.767784677,0.869657795,0.859919236,0.890204771,0.852159697,0.853699765,0.868758342
Spacecraft/NASA-SMAP-96-Aff-R,0.991566621,0.992328471,0.98392508,0.992712776,0.550964669,0.990382509,0.989267637,0.984412612,0.991506412,0.871148109,0.987481795,0.99057479,0.97764133,0.986973384,0.976514863,0.990841402
Spacecraft/NASA-SMAP-96-F1,0.184978508,0.322008581,0.21081625,0.244344267,0.158523162,0.21339715,0.308506204,0.218010018,0.25199843,0.162243395,0.314051699,0.219589669,0.318613016,0.229069752,0.233544194,0.239594973
Spacecraft/NASA-SMAP-96-P,0.639451337,0.540026958,0.532269796,0.58964092,0.414515902,0.592181923,0.546728382,0.526259585,0.606914955,0.553145454,0.679748542,0.621741417,0.596490963,0.530533761,0.631841034,0.684372467
Spacecraft/NASA-SMAP-96-R,0.164903699,0.32000433,0.197214636,0.206945266,0.124956159,0.198432265,0.305021662,0.207453683,0.212663003,0.137249028,0.243038254,0.19345108,0.312852457,0.228508663,0.171800059,0.193094108
Spacecraft/NASA-SMAP-96-R-A-P,0.412673089,0.383842385,0.26275841,0.400673936,0.251754505,0.397136492,0.381872805,0.268839717,0.401248841,0.391030922,0.280773547,0.407077377,0.386601933,0.30783643,0.39575742,0.359144878
Spacecraft/NASA-SMAP-96-R-A-R,0.774052752,0.77909833,0.706924515,0.772759489,0.677139497,0.769781981,0.775108354,0.709597551,0.773735245,0.764886152,0.720977168,0.773064413,0.772184645,0.747226448,0.76797273,0.754765295
Spacecraft/NASA-SMAP-96-R-F1,0.267193174,0.343877808,0.28224874,0.278445957,0.220842893,0.258861962,0.334340164,0.281437931,0.288119146,0.227470662,0.361856065,0.26375785,0.341582677,0.300745162,0.268675197,0.29510686
Spacecraft/NASA-SMAP-96-R-P,0.61516181,0.512368498,0.54793351,0.592032047,0.413992133,0.568947603,0.515000653,0.527722872,0.598740214,0.54432419,0.644447522,0.594652054,0.594003933,0.552132001,0.62507717,0.651550698
Spacecraft/NASA-SMAP-96-R-R,0.23992859,0.361417025,0.281974029,0.232245297,0.175915901,0.216710503,0.337073693,0.297156213,0.241693681,0.173657088,0.317122292,0.218577092,0.329956725,0.282009336,0.188469113,0.24264136
Spacecraft/NASA-SMAP-96-V-PR,0.404551542,0.38031156,0.256806064,0.395463503,0.255149259,0.392781014,0.378675285,0.262687738,0.397822243,0.382652018,0.282134337,0.402998028,0.38401631,0.303754865,0.393104986,0.353885333
Spacecraft/NASA-SMAP-96-V-ROC,0.7654754,0.773011575,0.701267146,0.765306963,0.67153462,0.762524322,0.769906276,0.704971105,0.766251313,0.755649708,0.714209338,0.765274793,0.766119375,0.741119308,0.759361622,0.745044827
Web/IOPS-96-A-P,0.208093268,0.183499688,0.198757142,0.171371919,0.205026981,0.206637376,0.199147844,0.199432566,0.175647223,0.197673713,0.157454936,0.206728407,0.209428881,0.202844625,0.202884824,0.206553085
Web/IOPS-96-A-R,0.698478864,0.689738433,0.673851248,0.659967824,0.659946926,0.689046473,0.696298201,0.686811705,0.673472181,0.687756961,0.646446274,0.688790536,0.696319701,0.703354111,0.704549686,0.690334005
Web/IOPS-96-Acc,0.926147945,0.902458085,0.927233109,0.957216858,0.958386657,0.911406715,0.908844223,0.935083541,0.919948484,0.922814462,0.957018479,0.911110306,0.907186214,0.934874443,0.903818612,0.962753278
Web/IOPS-96-Aff-F1,0.849943123,0.831375782,0.82157216,0.827527059,0.857187039,0.851693038,0.83997257,0.833308834,0.826634441,0.851046678,0.830377602,0.854223706,0.847620555,0.839790568,0.840271174,0.847710233
Web/IOPS-96-Aff-P,0.782807083,0.771621264,0.773993233,0.765682404,0.803925855,0.815407937,0.763558636,0.783097084,0.761877604,0.798381641,0.756124135,0.826053622,0.779952574,0.787542533,0.773706191,0.771052963
Web/IOPS-96-Aff-R,0.9479978,0.922609096,0.896799835,0.920374885,0.930336122,0.920054447,0.952690305,0.906448638,0.927711662,0.934803997,0.935000367,0.915343803,0.952466581,0.914441597,0.944487172,0.954431713
Web/IOPS-96-F1,0.23775895,0.216325957,0.214852525,0.220447358,0.240263208,0.225714406,0.233367745,0.220351187,0.216365309,0.225550934,0.20035749,0.220345233,0.23631477,0.229683741,0.233017591,0.244213347
Web/IOPS-96-P,0.352482208,0.316276595,0.335694903,0.344496064,0.388291068,0.426388667,0.32322933,0.336460344,0.330092252,0.377672815,0.316533078,0.442621327,0.364467517,0.351473359,0.351098648,0.383616628
Web/IOPS-96-R,0.274520295,0.300541688,0.267198932,0.223297752,0.237767823,0.281203342,0.288918859,0.252766488,0.270979473,0.262519952,0.204039957,0.292003931,0.298152583,0.258431322,0.328063618,0.247053632
Web/IOPS-96-R-A-P,0.199985784,0.172505706,0.178446628,0.157354799,0.225905679,0.198869604,0.189270689,0.183830694,0.163982802,0.193515186,0.177849419,0.19845132,0.199989239,0.189439112,0.19191568,0.220146655
Web/IOPS-96-R-A-R,0.734110405,0.713960514,0.706358904,0.704289059,0.716498873,0.728324701,0.728493041,0.719851978,0.717088859,0.728472976,0.703053325,0.727529357,0.729493022,0.734853421,0.742447814,0.739814851
Web/IOPS-96-R-F1,0.287005086,0.313156254,0.307207864,0.314015156,0.348645887,0.309475271,0.3140896,0.323190469,0.296788527,0.311018665,0.291443311,0.314833954,0.33044556,0.332460678,0.310382057,0.312475258
Web/IOPS-96-R-P,0.257022264,0.306136675,0.320187271,0.291402146,0.349434096,0.335110316,0.291258685,0.327108234,0.276643782,0.299365157,0.278064264,0.35183082,0.324898207,0.339731704,0.297209823,0.304577548
Web/IOPS-96-R-R,0.432000518,0.399336905,0.399762944,0.4219931,0.391073357,0.441613599,0.460592146,0.409627818,0.438475341,0.410946804,0.367814951,0.426783237,0.471402142,0.423798687,0.473757794,0.365160571
Web/IOPS-96-V-PR,0.200301972,0.172775701,0.179116059,0.156273247,0.22362957,0.199140993,0.189882663,0.184236831,0.163034237,0.194221565,0.175746692,0.198748078,0.200829116,0.189961531,0.192170241,0.216868342
Web/IOPS-96-V-ROC,0.731499034,0.710948849,0.704239347,0.700516667,0.712428925,0.725294152,0.725739345,0.717287792,0.712938073,0.725700216,0.699003883,0.724939496,0.727122302,0.7321698,0.739157476,0.734336954
