Dataset-Quantity-metrics,Anomaly Transformer,ARIMA,AE,DAGMM,DCdetector,DLinear,DeepPoint,DualTF,Isolation Forest,LSTM,ModernTCN,NLinear,PatchTST,SARIMA,Spectral Residual,StatThreshold,TimesNet,TranAD,VAE,ZMS,HBOS,iTransformer,KNN,LODA,LOF,OCSVM,PCA
contact-text,,,,,,,,,,,,,,,,,,,,,,,,,,,
contact-url,,,,,,,,,,,,,,,,,,,,,,,,,,,
paper-url,https://arxiv.org/pdf/2110.02642,https://www.google.com/books?lr=&id=_bBhDwAAQBAJ&oi=fnd&pg=PA7&dq=orecasting:+principles+and+practi&ots=TjhYveUKNH&sig=Vx6EzqIpnbWvbe-HOXS6U4EEFJo,https://dl.acm.org/doi/10.1145/2689746.2689747,https://openreview.net/pdf?id=BJJLHbb0-,https://arxiv.org/pdf/2306.10347,https://ojs.aaai.org/index.php/AAAI/article/view/26317,https://arxiv.org/pdf/2109.09265,https://dl.acm.org/doi/pdf/10.1145/3589334.3645556,https://cs.nju.edu.cn/zhouzh/zhouzh.files/publication/icdm08b.pdf?q=isolation-forest,https://arxiv.org/pdf/2109.09265,https://openreview.net/pdf?id=vpJMJerXHU,https://ojs.aaai.org/index.php/AAAI/article/view/26317,https://openreview.net/pdf?id=Jbdc0vTOcol,https://milets18.github.io/papers/milets18_paper_19.pdf,https://arxiv.org/pdf/1906.03821,https://arxiv.org/pdf/2109.09265,https://arxiv.org/pdf/2210.02186v2/1000,https://arxiv.org/pdf/2201.07284,https://arxiv.org/abs/1312.6114,https://arxiv.org/pdf/2109.09265,https://citeseerx.ist.psu.edu/document?repid=rep1&type=pdf&doi=954d63876336b9b9e04dfd41dea8414d4c67f196#page=65,https://arxiv.org/pdf/2310.06625,https://dl.acm.org/doi/pdf/10.1145/342009.335437,https://link.springer.com/content/pdf/10.1007/s10994-015-5521-0.pdf,https://dl.acm.org/doi/pdf/10.1145/342009.335388,https://proceedings.neurips.cc/paper_files/paper/1999/file/8725fb777f25776ffa9076e44fcfd776-Paper.pdf,https://neuro.bstu.by/ai/To-dom/My_research/Paper-0-again/For-research/D-mining/Anomaly-D/KDD-cup-99/NN/ICDM03_WS.pdf
code-url,,,,,,,,,,,,,,,,,,,,,,,,,,,
publication,ICLR,OTexts,MLSDA,ICLR,KDD,AAAI,arXiv,WWW,ICDM,arXiv,ICLR,AAAI,ICLR,MiLeTS,KDD,arXiv,ICLR,VLDB,ICLR,arXiv,KI,ICLR,SIGMOD,Mach. Learn.,SIGMOD,NIPS,IEEE
bib,https://dblp.org/rec/conf/iclr/XuWWL22.html?view=bibtex,https://scholar.googleusercontent.com/scholar.bib?q=info:QamsSnE0lWMJ:scholar.google.com/&output=citation&scisdr=ClFiJnEWEMDnjPjD5so:AFWwaeYAAAAAZ07F_soO5tpqa-4pQoGW-5Ix_y4&scisig=AFWwaeYAAAAAZ07F_lgkoAhGyesWZQDCsuPQ87A&scisf=4&ct=citation&cd=-1&hl=zh-CN,https://dblp.org/rec/conf/pricai/SakuradaY14.html?view=bibtex,https://dblp.org/rec/conf/iclr/ZongSMCLCC18.html?view=bibtex,https://dblp.org/rec/conf/kdd/YangZZW023.html?view=bibtex,https://dblp.org/rec/conf/aaai/ZengCZ023.html?view=bibtex,https://dblp.org/rec/journals/corr/abs-2109-09265.html?view=bibtex,https://dblp.org/rec/conf/www/NamYSBS0024.html?view=bibtex,https://dblp.org/rec/conf/icdm/LiuTZ08.html?view=bibtex,https://dblp.org/rec/journals/corr/abs-2109-09265.html?view=bibtex,https://dblp.org/rec/conf/iclr/LuoW24.html?view=bibtex,https://dblp.org/rec/conf/aaai/ZengCZ023.html?view=bibtex,https://dblp.org/rec/conf/iclr/NieNSK23.html?view=bibtex,https://usercontent.cljtscd.com/scholar.bib?q=info:pjdbos7PcgMJ:scholar.google.com/&output=citation&scisdr=ClHzsvZ3GAA:AFWwaeYAAAAAZ07Ke2oWO0BVOHY3bP9Yx2l7InI&scisig=AFWwaeYAAAAAZ07Ke0jX2qzVJ4orUDaiNuSX6J8&scisf=4&ct=citation&cd=-1&hl=en,https://dblp.org/rec/conf/kdd/RenXWYHKXYTZ19.html?view=bibtex,https://dblp.org/rec/journals/corr/abs-2109-09265.html?view=bibtex,https://dblp.org/rec/conf/iclr/WuHLZ0L23.html?view=bibtex,https://dblp.org/rec/journals/pvldb/TuliCJ22.html?view=bibtex,https://dblp.org/rec/journals/corr/KingmaW13.html?view=bibtex,https://dblp.org/rec/journals/corr/abs-2109-09265.html?view=bibtex,https://scholar.googleusercontent.com/scholar.bib?q=info:gPTMlkRjcF4J:scholar.google.com/&output=citation&scisdr=ClFiJnEWEMDnjPjF32U:AFWwaeYAAAAAZ07Dx2Ur-apQQrS0AKxL_4RoWD0&scisig=AFWwaeYAAAAAZ07Dx19ZHMP86EorbcSHaA3OmD8&scisf=4,https://dblp.org/rec/conf/iclr/LiuHZWWML24.html?view=bibtex,https://dblp.org/rec/conf/sigmod/RamaswamyRS00.html?view=bibtex,https://dblp.org/rec/journals/ml/Pevny16.html?view=bibtex,https://dblp.org/rec/conf/sigmod/BreunigKNS00.html?view=bibtex,https://dblp.org/rec/conf/nips/ScholkopfWSSP99.html?view=bibtex,https://usercontent.cljtscd.com/scholar.bib?q=info:jiTPoAYrCo8J:scholar.google.com/&output=citation&scisdr=ClFyNOCJGAA:AFWwaeYAAAAAZ07-1kSA3FirE2WtERiQyYmd_1Y&scisig=AFWwaeYAAAAAZ07-1hKYgqC3x5Z_trIj6WwqU7k&scisf=4&ct=citation&cd=-1&hl=en
year,2022,2018,2014,2018,2023,2023,2021,2024,2008,2021,2024,2023,2023,2018,2019,2021,2023,2022,2014,2021,2012,2024,2000,2016,2000,1999,2003
parameters,,,,,,,,,,,,,,,,,,,,,,,,,,,
AIOps/GAIA-96-A-P,0.046639721,0.205072875,0.472220667,0.061149638,0.018229365,0.468005454,0.423696491,0.133804034,0.17729457,0.509148376,0.352450695,0.353711897,0.426020663,0.200877033,0.227690718,0.220897976,0.482536903,0.487301507,0.485427612,0.245512921,0.128267056,0.424444054,0.510149562,0.187255166,0.409327122,0.281072196,0.169890954
AIOps/GAIA-96-A-R,0.428303168,0.460867744,0.739662363,0.650871615,0.403970611,0.768630891,0.763706352,0.539054549,0.699050995,0.770424936,0.792788524,0.782752463,0.786012214,0.449813685,0.530682931,0.466256722,0.784780054,0.758533531,0.753220083,0.489967381,0.689490996,0.785977012,0.823796907,0.676118539,0.818417792,0.731032101,0.616805848
AIOps/GAIA-96-Acc,0.939198423,0.149782866,0.866279179,0.369553692,0.943207198,0.931616901,0.063601861,0.868559561,0.819970087,0.8819834,0.976777846,0.923851922,0.932521979,0.151331127,0.870413977,0.786348354,0.933238288,0.926859969,0.875085811,0.848883965,0.509314694,0.980747883,0.639423791,0.681243612,0.644229537,0.547714208,0.478898116
AIOps/GAIA-96-Aff-F1,0.710803342,0.703637438,0.721537453,0.301616136,0.69710236,0.86035869,0.673405265,0.719647522,0.641326057,0.740721354,0.907729464,0.857150743,0.865165852,0.705038294,0.677241033,0.64040068,0.866538597,0.78359519,0.722681316,0.668770988,0.600386948,0.907969924,0.757788481,0.657755934,0.728977319,0.725560294,0.599483096
AIOps/GAIA-96-Aff-P,0.586931743,0.553124586,0.635432062,0.238526072,0.585888533,0.822892704,0.508406896,0.636870631,0.561162653,0.629385826,0.869539024,0.81906084,0.82627831,0.554999952,0.607219126,0.57978566,0.832096237,0.768195623,0.589638922,0.626148963,0.475400716,0.866221454,0.625818787,0.567139551,0.5985073,0.583503585,0.472127935
AIOps/GAIA-96-Aff-R,0.935803529,0.999922339,0.921627581,0.420786657,0.898043557,0.92083233,0.999998971,0.874848621,0.791301075,0.962094377,0.969373511,0.920821154,0.926040244,0.999999329,0.830352014,0.802969764,0.922372625,0.83785618,0.967728333,0.813473421,0.834254584,0.972487072,0.995930045,0.847075454,0.970376131,0.99568548,0.838602529
AIOps/GAIA-96-F1,0.051719939,0.102694552,0.173301734,0.023536311,0.023302133,0.301107666,0.025918004,0.085536168,0.120275678,0.154849028,0.259490478,0.237626855,0.264640624,0.103090242,0.136880613,0.132620212,0.305029563,0.320361701,0.105650436,0.094628239,0.089005501,0.292004956,0.215029596,0.166027809,0.193633809,0.135757966,0.03416311
AIOps/GAIA-96-P,0.047176832,0.088924873,0.211818372,0.020888988,0.027624941,0.301985321,0.01352182,0.101206096,0.141301177,0.174588298,0.267031022,0.246311857,0.266866641,0.089126411,0.185569999,0.180064346,0.308849717,0.326939103,0.102620057,0.122766848,0.064259429,0.300178661,0.182576179,0.151184827,0.163655394,0.115927326,0.018800317
AIOps/GAIA-96-R,0.120301247,0.994704533,0.377432608,0.12614296,0.027952769,0.533062142,0.99778825,0.221166901,0.242551939,0.408203326,0.495252187,0.487070761,0.541967458,0.998830168,0.263861916,0.31260557,0.557711705,0.567527256,0.423332721,0.296426491,0.678924531,0.511829192,0.90777859,0.606244568,0.862789795,0.865612598,0.671866047
AIOps/GAIA-96-R-A-P,0.040765463,0.158138488,0.337808113,0.418753802,0.026017407,0.356952698,0.323953933,0.110849802,0.252445934,0.362211956,0.306194693,0.282295104,0.332669227,0.156710684,0.180526674,0.171054182,0.39476719,0.346019615,0.345152155,0.200157849,0.427291706,0.411387525,0.373036511,0.259660738,0.302495175,0.446539174,0.143544472
AIOps/GAIA-96-R-A-R,0.404332369,0.449380931,0.686072587,0.656254546,0.398537142,0.786974544,0.803496431,0.541235692,0.724290887,0.745627232,0.832342615,0.798390197,0.800703027,0.438614235,0.566612796,0.447020592,0.803004095,0.705377689,0.743389202,0.501772277,0.689480884,0.828270972,0.745481451,0.64161482,0.748142312,0.698629391,0.605333856
AIOps/GAIA-96-R-F1,0.028098613,0.086579943,0.18438372,0.026092882,0.025017005,0.351180979,0.033862517,0.131831893,0.145188165,0.167758619,0.280274381,0.244626039,0.269423904,0.089764791,0.180779814,0.154400788,0.339398524,0.338272959,0.11744148,0.117418663,0.078820966,0.327272281,0.158264377,0.149931617,0.127818807,0.112026111,0.023292492
AIOps/GAIA-96-R-P,0.02263004,0.080499399,0.211818372,0.020888988,0.02013888,0.308578193,0.021022024,0.130535546,0.141301177,0.174588298,0.238896942,0.223492379,0.231372623,0.082603627,0.185569999,0.180064346,0.298769393,0.31113769,0.102620057,0.122766848,0.05913956,0.275519661,0.13717691,0.141124221,0.113125404,0.101970186,0.012875339
AIOps/GAIA-96-R-R,0.104130806,0.983710578,0.458804587,0.1580529,0.047602494,0.620881944,0.997654561,0.280443355,0.337303397,0.482919896,0.611896361,0.549137585,0.618377188,0.98784555,0.377329069,0.390127844,0.658695839,0.639951633,0.498335965,0.39509421,0.723781412,0.636007469,0.909877167,0.661233287,0.84891531,0.914418558,0.730984065
AIOps/GAIA-96-V-PR,0.040121305,0.158850774,0.330807153,0.413277284,0.025856956,0.347697657,0.310565662,0.106833167,0.248086852,0.348045458,0.302069214,0.273162816,0.322986931,0.157128312,0.181715823,0.177338847,0.380554075,0.334640298,0.330891401,0.19305304,0.419542844,0.409270862,0.364043835,0.254900739,0.295502572,0.437356862,0.147335761
AIOps/GAIA-96-V-ROC,0.402825833,0.457162945,0.680318523,0.651197046,0.398206539,0.781666575,0.792596273,0.542703376,0.715129995,0.73269652,0.826251123,0.794647953,0.798125134,0.446732179,0.569847611,0.456728624,0.799710304,0.694588576,0.735078418,0.509709356,0.681316475,0.821901248,0.736903012,0.634035168,0.739594576,0.689066377,0.603421674
Health/ECG-96-A-P,0.048930896,0.123767124,0.213605217,0.130859788,0.045186796,0.187794207,0.082565021,0.23044627,0.117548607,0.21114266,0.104446087,0.190935692,0.215869246,0.123860363,0.046362006,0.139732797,0.158446151,0.220579014,0.224534768,0.170359166,0.180591498,0.104831143,0.151006763,0.147933954,0.093370464,0.223266967,0.213556606
Health/ECG-96-A-R,0.501179293,0.353973077,0.644219414,0.634594963,0.400765938,0.682902885,0.612703355,0.740934563,0.628241212,0.65767092,0.596844902,0.684421288,0.70822631,0.354193791,0.489179902,0.387383592,0.715568847,0.710839078,0.66260154,0.58827432,0.640247197,0.588606106,0.56645584,0.490504174,0.557585037,0.683973182,0.622908088
Health/ECG-96-Acc,0.926552801,0.053403333,0.949160121,0.77167542,0.944073903,0.92185421,0.060335223,0.898357907,0.949511256,0.950481768,0.901117479,0.924868573,0.923861032,0.05236645,0.944557756,0.951358737,0.922945273,0.931012881,0.949874661,0.951122231,0.923192452,0.93234772,0.950603901,0.941166678,0.939031162,0.891575798,0.887560016
Health/ECG-96-Aff-F1,0.693353544,0.69181389,0.768841619,0.420447807,0.678540681,0.829181424,0.691986558,0.80407617,0.720659306,0.77820478,0.766709082,0.82551863,0.839128938,0.691812267,0.569303966,0.733993486,0.808977669,0.842214665,0.757840127,0.739387449,0.777171241,0.797083194,0.798991184,0.800807105,0.799163068,0.775252798,0.740263833
Health/ECG-96-Aff-P,0.568374239,0.528955977,0.757810159,0.634427986,0.562962185,0.803389323,0.529165676,0.722135623,0.731686788,0.789384357,0.688331531,0.789242065,0.827115886,0.528953991,0.471937174,0.90743973,0.756761517,0.827077351,0.764749655,0.909338423,0.674725775,0.757919147,0.778703173,0.767489173,0.697873891,0.653904486,0.634731972
Health/ECG-96-Aff-R,0.899801245,0.999996364,0.827637984,0.431478853,0.860783055,0.886933276,0.999982172,0.920523571,0.764110406,0.809030341,0.89199412,0.897109491,0.882180713,0.999996932,0.722581442,0.681162375,0.8952202,0.884542483,0.796394729,0.686232251,0.926529168,0.860873446,0.840575664,0.862703687,0.94087483,0.956940601,0.908092095
Health/ECG-96-F1,0.038623685,0.091082516,0.07928046,0.016673799,0.018191232,0.165346533,0.090884707,0.278934284,0.043938567,0.076442118,0.117881644,0.160143444,0.172544278,0.091034382,0.007986597,0.048330053,0.151083762,0.193548345,0.079857216,0.04265208,0.238119247,0.089143829,0.205434501,0.202885766,0.208275652,0.2416806,0.192255732
Health/ECG-96-P,0.07315832,0.048042014,0.427818055,0.454899858,0.065467119,0.504154951,0.047945487,0.297345562,0.260282564,0.468315855,0.281795861,0.495573021,0.569205467,0.048012613,0.029007582,0.741599503,0.384765946,0.569505537,0.442089679,0.712880829,0.257144499,0.35329675,0.46540903,0.449545992,0.27331697,0.188553145,0.176493883
Health/ECG-96-R,0.036992423,0.996404065,0.04655092,0.010383903,0.01105056,0.172764297,0.987933761,0.351759136,0.024651036,0.043708668,0.153038344,0.159618881,0.17580139,0.997029673,0.00474372,0.026315693,0.179391046,0.188623105,0.046747634,0.023062681,0.25936846,0.064702825,0.141129943,0.158185214,0.178230986,0.373643734,0.275475147
Health/ECG-96-R-A-P,0.086505856,0.133798278,0.209976242,0.158559007,0.067247348,0.202662332,0.118101674,0.35171317,0.145694675,0.215696516,0.137924613,0.229407204,0.232612332,0.133802691,0.089854362,0.150851533,0.207776325,0.221038235,0.218728237,0.182629796,0.22624985,0.148618801,0.382085386,0.262582543,0.210405441,0.219553884,0.2830755
Health/ECG-96-R-A-R,0.517568434,0.498237195,0.697638032,0.695005974,0.458811854,0.748366639,0.686296163,0.825002812,0.698031409,0.72815279,0.669001566,0.773686614,0.776504149,0.498624756,0.636693827,0.549789129,0.807071882,0.754110719,0.712113718,0.68366637,0.644502695,0.679074952,0.554913857,0.571568139,0.567354423,0.72852101,0.711630284
Health/ECG-96-R-F1,0.09005315,0.017200532,0.228068232,0.082520387,0.084174644,0.228068003,0.047402697,0.20188017,0.189072385,0.237822888,0.184037518,0.240782742,0.249170185,0.012000359,0.040265545,0.228053766,0.212126018,0.244940531,0.224701351,0.226655892,0.140558027,0.216433778,0.19982443,0.18067062,0.189168806,0.117981996,0.133059384
Health/ECG-96-R-P,0.072006637,0.009162159,0.427818055,0.454899858,0.0645797,0.322405113,0.025753139,0.184317838,0.260282564,0.468315855,0.221194327,0.390513336,0.41058284,0.006348622,0.029007582,0.741599503,0.258622937,0.388880684,0.442089679,0.712880829,0.100822052,0.305605606,0.215843352,0.200074661,0.181800083,0.07504581,0.104371089
Health/ECG-96-R-R,0.182481225,0.961076745,0.184558301,0.073379603,0.140867264,0.254946904,0.946558603,0.328518811,0.164517099,0.179425024,0.209037745,0.217445816,0.237003138,0.970400184,0.073315713,0.157834525,0.225945981,0.261301481,0.17465065,0.153126503,0.291063778,0.197584538,0.218100246,0.259583571,0.214356889,0.332496306,0.302799364
Health/ECG-96-V-PR,0.086292244,0.13644567,0.21702918,0.160791275,0.067859218,0.208353603,0.121790236,0.335122199,0.150225465,0.221435875,0.142682029,0.231194643,0.237212961,0.136455278,0.087903534,0.153750684,0.208426082,0.226999883,0.226091393,0.186233733,0.231861966,0.151830897,0.385086802,0.262061435,0.213588663,0.22685337,0.286067876
Health/ECG-96-V-ROC,0.516755513,0.486282294,0.70096933,0.695854853,0.456908266,0.748479728,0.687095919,0.816911333,0.698284318,0.727162233,0.6727354,0.766459541,0.773849387,0.486627481,0.615808428,0.535994678,0.798803085,0.754726112,0.71574159,0.679826357,0.648005153,0.677927348,0.556659249,0.565300366,0.568848163,0.731625332,0.714326466
Health/SVDB-96-A-P,0.048290757,0.054260785,0.074153394,0.06009384,0.046111577,0.074011193,0.054304923,0.107230697,0.060227323,0.076085874,0.056657589,0.071458757,0.073349116,0.053346927,0.047538656,0.071265656,0.07409488,0.071750573,0.077980904,0.064028375,0.07487105,0.062238188,0.06874496,0.065372878,0.056582433,0.075066728,0.09220783
Health/SVDB-96-A-R,0.497527503,0.450606804,0.573978418,0.548756772,0.460007164,0.580384781,0.531255778,0.585606023,0.543630019,0.568241346,0.53310844,0.55730201,0.568515083,0.428527611,0.499414626,0.511029316,0.606198435,0.551532564,0.570418315,0.552051705,0.553215948,0.531967187,0.519606217,0.509682195,0.51630788,0.567335577,0.570342834
Health/SVDB-96-Acc,0.932610881,0.0558284,0.941458834,0.775630731,0.918448221,0.882933156,0.07017682,0.883139319,0.945702476,0.942407296,0.839721703,0.882243256,0.875009831,0.055048355,0.927778983,0.94488719,0.874796805,0.890216476,0.941910019,0.946217466,0.892727902,0.906059788,0.933410958,0.896953644,0.920996279,0.867602052,0.86901932
Health/SVDB-96-Aff-F1,0.686166589,0.682194,0.689852598,0.523103502,0.684908423,0.728464391,0.68249121,0.745069608,0.67235645,0.696492305,0.701606622,0.721605541,0.727097831,0.682255654,0.635493196,0.673450873,0.726236134,0.724996401,0.682511731,0.647293563,0.700492668,0.717591551,0.709559481,0.700607402,0.708715269,0.69806596,0.688942529
Health/SVDB-96-Aff-P,0.538471437,0.517874908,0.547955357,0.440213461,0.53767079,0.614753769,0.51822185,0.625036008,0.567423124,0.560222592,0.556116013,0.59659469,0.612520783,0.517944268,0.497678761,0.552862157,0.602796658,0.606519924,0.552316176,0.579735802,0.550098806,0.587865731,0.607893756,0.552926971,0.563085351,0.545083018,0.540565716
Health/SVDB-96-Aff-R,0.950368164,0.999993093,0.942491228,0.712718056,0.946136279,0.935446075,0.999987423,0.950511304,0.86560382,0.934906042,0.969066694,0.943234164,0.938891647,0.99999579,0.883486897,0.892166609,0.946067051,0.935781549,0.927794652,0.825787638,0.968618409,0.940545814,0.894237397,0.965200329,0.96013257,0.973739329,0.95490593
Health/SVDB-96-F1,0.026717116,0.089848728,0.028328284,0.016459857,0.023481894,0.073782546,0.090094566,0.113881252,0.023217175,0.030625753,0.070814477,0.069141903,0.070383922,0.08990093,0.009504668,0.019210855,0.093045185,0.074349401,0.02879854,0.016251958,0.094964208,0.045130459,0.068919558,0.080296215,0.079590404,0.102472958,0.087554123
Health/SVDB-96-P,0.060096188,0.047680943,0.090308015,0.072151462,0.055821698,0.193065446,0.047855321,0.193216262,0.10444807,0.098756504,0.096149361,0.171859166,0.197081956,0.047712138,0.038685544,0.100428747,0.155783117,0.178763276,0.096922795,0.157297772,0.09136775,0.147680359,0.171663954,0.098948678,0.107216988,0.081662213,0.071771272
Health/SVDB-96-R,0.023280659,0.991147204,0.019738485,0.013823767,0.030868667,0.137149082,0.981577906,0.148965353,0.015100631,0.021164102,0.162756768,0.116649325,0.138567811,0.993174097,0.005851884,0.012513614,0.187930163,0.120796663,0.019924121,0.010158495,0.129626622,0.066109859,0.061251875,0.107252125,0.083477933,0.171377345,0.141198432
Health/SVDB-96-R-A-P,0.083936872,0.078645749,0.10603446,0.100229107,0.07520916,0.109495418,0.094348915,0.149458303,0.102142773,0.113466384,0.097275881,0.109880809,0.110122736,0.076899557,0.086370702,0.09602419,0.116534455,0.108150472,0.109135342,0.099972129,0.119211752,0.103991709,0.171681376,0.117115579,0.129236817,0.108373203,0.121499211
Health/SVDB-96-R-A-R,0.516167795,0.527212171,0.650837836,0.642067005,0.508095708,0.664962976,0.642801683,0.681809831,0.653197504,0.670780626,0.643957143,0.655987411,0.661682373,0.501326021,0.61869193,0.598506329,0.699172592,0.654548808,0.652529787,0.642755755,0.595949433,0.648799301,0.528968712,0.593192397,0.540624278,0.65628427,0.665669036
Health/SVDB-96-R-F1,0.082717711,0.028789627,0.097960995,0.049315509,0.082057693,0.116823472,0.060733995,0.137979155,0.104844257,0.106889369,0.101900881,0.121428996,0.121471682,0.027810221,0.05446764,0.09065256,0.117375104,0.110836677,0.099441203,0.087027023,0.087216353,0.122790331,0.110403221,0.087059004,0.106304921,0.086775622,0.085175221
Health/SVDB-96-R-P,0.059694218,0.015687382,0.090308015,0.072151462,0.0577178,0.146750674,0.034972722,0.154109538,0.10444807,0.098756504,0.093085747,0.140688595,0.160299602,0.015226081,0.038685544,0.100428747,0.123945464,0.12470512,0.096922795,0.157297772,0.057778665,0.133848468,0.119951279,0.060261021,0.082851932,0.05637459,0.054752086
Health/SVDB-96-R-R,0.185480679,0.898938549,0.187126291,0.128315395,0.185920447,0.202185633,0.926757357,0.213431108,0.156913711,0.18798721,0.200076221,0.190315474,0.193927631,0.881206454,0.124519788,0.16034149,0.198504476,0.209976821,0.184075385,0.129775114,0.238353932,0.182391181,0.184649207,0.230447291,0.201329166,0.242368086,0.248091261
Health/SVDB-96-V-PR,0.082009229,0.080371248,0.106081351,0.098923699,0.074646233,0.108268271,0.091310054,0.145834374,0.098674195,0.110242676,0.093959914,0.107461417,0.108116785,0.078642098,0.083395486,0.098707496,0.113506737,0.105874765,0.109062795,0.099266113,0.118009557,0.100290547,0.168948839,0.115417407,0.124410107,0.107556536,0.117961114
Health/SVDB-96-V-ROC,0.514458209,0.527461474,0.649359052,0.635098264,0.50417447,0.659287934,0.628217864,0.670085498,0.638107593,0.656437954,0.628459225,0.645188619,0.652558432,0.501574371,0.601657999,0.599909599,0.688274819,0.643368231,0.649449765,0.638881901,0.595308167,0.631798876,0.527845557,0.585175831,0.538347335,0.6504324,0.653927117
Machinery/GHL-96-A-P,0.002937282,0.014916252,0.006329159,0.002797207,0.002789321,0.005630466,0.010887154,0.003912651,0.002797222,0.009046389,0.003861608,0.005258168,0.004588003,0.014916252,0.0030513,0.011126108,0.004197227,0.006419564,0.004962348,0.010870787,0.007226058,0.003981941,0.009178277,0.008313113,0.009178277,0.012471088,0.006022875
Machinery/GHL-96-A-R,0.504114195,0.828036933,0.528618321,0.037132297,0.485688358,0.597521758,0.786014905,0.642669732,0.499799578,0.741163362,0.519172082,0.55850394,0.562324603,0.828036933,0.547814073,0.823506648,0.565259859,0.483573639,0.516934674,0.817584429,0.803764995,0.515904947,0.625387269,0.749197034,0.625387269,0.848319782,0.504934347
Machinery/GHL-96-Acc,0.987166738,0.461875212,0.94441142,0.994416698,0.901811657,0.869772946,0.255145805,0.905694968,0.997041683,0.875447914,0.889758946,0.993850034,0.876522908,0.461875212,0.996969461,0.511344381,0.992244488,0.891850601,0.974269587,0.996969461,0.07300515,0.905803301,0.015966578,0.603593869,0.015966578,0.002394431,0.199187782
Machinery/GHL-96-Aff-F1,0.666986214,0.671732238,0.708710338,0.357410861,0.668401579,0.697567727,0.697172488,0.673501768,0.666687592,0.660759462,0.678274185,0.697083921,0.700133432,0.671732238,0.675074036,0.62449088,0.689076398,0.621596571,0.60694021,0.657851123,0.319200628,0.760224797,0.339316454,0.683173693,0.339316454,0.33333843,0.270151746
Machinery/GHL-96-Aff-P,0.500477293,0.505761143,0.552580005,0.273025436,0.502037534,0.538020989,0.535963446,0.514688844,0.516991147,0.493637806,0.514567796,0.536546479,0.560234263,0.505761143,0.511120773,0.465384629,0.527173244,0.474299207,0.457118597,0.504134005,0.23443076,0.625031156,0.256791967,0.519097925,0.256791967,0.250005733,0.193178017
Machinery/GHL-96-Aff-R,0.999530608,1,0.999595372,0.533780981,0.999670814,0.995501155,1,0.976166646,0.94866973,0.999659126,0.995479403,0.995263178,0.948978013,1,0.995069453,0.949072505,0.995279892,0.903528314,0.903493841,0.953241926,0.5,0.99547446,0.5,1,0.5,0.5,0.449100283
Machinery/GHL-96-F1,0.003808244,0.01223531,0.014280028,0.007839721,0.004297361,0.001484797,0.006389828,0.004242515,,0.015491947,0.001212046,0.01734104,0.001425681,0.01223531,0.004901961,0.007336943,0.004854369,0.007307731,0.005491488,,0.005545441,0.001212046,0.004898367,0.014235261,0.004898367,0.004766038,
Machinery/GHL-96-P,0.0023598,0.006156825,0.007459971,0.00448654,0.00233992,0.000744792,0.003207647,0.002130553,,0.010055214,0.000608766,0.014925373,0.000715225,0.006156825,0.008474576,0.003695586,0.002824859,0.003680764,0.002983294,,0.002788182,0.000608766,0.00246124,0.007168703,0.00246124,0.002394431,
Machinery/GHL-96-R,0.009860789,1,0.166473318,0.031034483,0.065709257,0.231034483,1,0.486206897,,0.180266421,0.134482759,0.020689655,0.213793103,1,0.003448276,0.5,0.017241379,0.5,0.034482759,,0.5,0.134482759,0.5,1,0.5,0.5,
Machinery/GHL-96-R-A-P,0.005697088,0.019625637,0.255039248,0.08320909,0.006376597,0.012304061,0.016013884,0.00955388,0.014144627,0.012106276,0.005305302,0.010366408,0.010596294,0.019625637,0.00540987,0.259413462,0.010001547,0.004868486,0.00692214,0.009180642,0.505922456,0.005695765,0.258520268,0.263416188,0.258520268,0.260785432,0.244420918
Machinery/GHL-96-R-A-R,0.516107591,0.828839865,0.528766174,0.1237854,0.51485909,0.743777508,0.790158682,0.703964876,0.501773589,0.746214739,0.623917015,0.713072594,0.710635155,0.828839865,0.622828136,0.824266473,0.714973195,0.483744562,0.521208203,0.818447678,0.804528477,0.637139024,0.626833022,0.754806416,0.626833022,0.849756748,0.499503382
Machinery/GHL-96-R-F1,0.004612537,0.00955401,0.013888639,0.008597697,0.003771058,0.000753323,0.002722529,0.000387644,,0.019061667,0.001121961,0.032398347,0.000614693,0.00955401,0.015657839,0.004655643,0.007565589,0.004644459,0.005798252,,0.006990965,0.00081349,0.004898367,0.009093132,0.004898367,0.004766038,
Machinery/GHL-96-R-P,0.002360455,0.004799949,0.007459971,0.00448654,0.001913031,0.000377987,0.001364493,0.00019395,,0.010055214,0.000564053,0.019230769,0.000308216,0.004799949,0.008474576,0.00233871,0.003921569,0.002333065,0.002983294,,0.003520091,0.000408279,0.00246124,0.004567344,0.00246124,0.002394431,
Machinery/GHL-96-R-R,0.100464037,1,0.100464037,0.102758621,0.219787183,0.107393103,1,0.294482759,,0.203222658,0.102988506,0.102758621,0.109001815,1,0.102758621,0.5,0.106896552,0.5,0.102758621,,0.5,0.108275862,0.5,1,0.5,0.5,
Machinery/GHL-96-V-PR,0.00569216,0.019615831,0.25493406,0.089018513,0.005833873,0.011317458,0.016049513,0.00893522,0.013847113,0.012216661,0.005290739,0.009550264,0.009919847,0.019615831,0.0054343,0.259112546,0.009272404,0.004829797,0.00693075,0.008890144,0.505924003,0.005636909,0.258424742,0.274448397,0.258424742,0.260691674,0.243991004
Machinery/GHL-96-V-ROC,0.516292122,0.828828983,0.52866836,0.139254944,0.50573194,0.720679439,0.790185418,0.699949867,0.501764531,0.755009596,0.613271743,0.686710118,0.690505537,0.828828983,0.617129628,0.824168793,0.694121952,0.484731659,0.52005185,0.818349996,0.804528858,0.624608672,0.627795065,0.763183753,0.627795065,0.85071876,0.49917753
Machinery/Genesis-96-A-P,0.003122866,0.002165015,0.222685396,0.222682071,0.003425127,0.209713462,0.103580845,0.002523397,0.080904129,0.222279963,0.199879692,0.152795847,0.216232386,0.004434105,0.013295161,0.003501714,0.304511886,0.222173992,0.222029189,0.029802147,0.051071599,0.284879563,0.222671599,0.005322163,0.011897092,0.003068385,0.553695963
Machinery/Genesis-96-A-R,0.469379296,0.219921639,0.407547429,0.406582348,0.407547429,0.654074787,0.677708276,0.327596921,0.46532788,0.440815232,0.62908716,0.670929337,0.686094308,0.564491339,0.738814957,0.387372835,0.722161122,0.36594171,0.384941573,0.615743745,0.404678994,0.700718999,0.403660297,0.638525571,0.5105719,0.357493814,0.662546054
Machinery/Genesis-96-Acc,0.976914646,0.003425127,0.996643376,0.995204823,0.883203179,0.987943554,0.003493629,0.985477463,0.994930812,0.996780381,0.993971777,0.996643376,0.993149747,0.003425127,0.989519112,0.996848883,0.993012741,0.997054391,0.996300863,0.992122209,0.962940129,0.993492259,0.843540211,0.99054665,0.855802165,0.580284971,0.850595972
Machinery/Genesis-96-Aff-F1,0.69984057,0.669452857,0.893485639,0.898329673,0.645576233,0.863566529,0.669463456,0.715871854,0.898013042,0.969442461,0.881646134,0.895874767,0.834606939,0.669452857,0.904673622,0.778691494,0.866472949,0.925403357,0.890959326,0.855051087,0.750290235,0.887123046,0.671003194,0.756570002,0.697685979,0.662531161,0.68281646
Machinery/Genesis-96-Aff-P,0.546176091,0.503141028,0.869789609,0.83166918,0.531302034,0.780665731,0.503153002,0.576085574,0.84869697,0.984193699,0.796937761,0.861878475,0.734706407,0.503141028,0.850368386,1,0.777365052,0.897031529,0.842844056,0.764642365,0.611540294,0.806227729,0.509444031,0.659012562,0.540852893,0.499740544,0.522523699
Machinery/Genesis-96-Aff-R,0.973821347,1,0.91850895,0.976607344,0.822477391,0.966166059,1,0.945230608,0.953414011,0.95512688,0.986503938,0.932663118,0.965950519,1,0.966387965,0.637587874,0.97865425,0.955628525,0.944900683,0.969705817,0.970478157,0.986062648,0.982619837,0.888030255,0.982619837,0.982619837,0.984973245
Machinery/Genesis-96-F1,0.011730205,0.006826871,0.140350877,0.146341463,,0.111111111,0.006827337,,0.097560976,0.145454545,0.266666667,0.222222222,0.180327869,0.006826871,0.025477707,0.148148148,0.23880597,0.338461538,0.129032258,0.08,0.039076377,0.263565891,0.00954033,,0.010343206,0.003577818,0.025033527
Machinery/Genesis-96-P,0.006872852,0.003425127,0.571428571,0.1875,,0.074324324,0.003425361,,0.125,0.8,0.228571429,0.538461538,0.152777778,0.003425127,0.018691589,1,0.19047619,0.733333333,0.333333333,0.066666667,0.021442495,0.215189873,0.004875887,,0.0052961,0.001803574,0.012802926
Machinery/Genesis-96-R,0.04,1,0.08,0.12,,0.22,1,,0.08,0.08,0.32,0.14,0.22,1,0.04,0.08,0.32,0.22,0.08,0.1,0.22,0.34,0.22,,0.22,0.22,0.56
Machinery/Genesis-96-R-A-P,0.004457398,0.003193906,0.103922869,0.199884521,0.003543837,0.111271193,0.080898923,0.028259151,0.119927703,0.129522391,0.168453966,0.092028641,0.113956016,0.00588594,0.012129617,0.003231073,0.199382267,0.145160618,0.115124755,0.179328172,0.109583838,0.170038736,0.139508169,0.363895864,0.024399604,0.260402699,0.305303577
Machinery/Genesis-96-R-A-R,0.451179875,0.294550137,0.526651678,0.59228397,0.420864903,0.750204656,0.740034081,0.498032532,0.663002505,0.663416646,0.870479612,0.785713316,0.760676284,0.592800821,0.719607169,0.419464061,0.836190192,0.605133718,0.590968572,0.773441253,0.553762671,0.839283709,0.59026193,0.626458694,0.627347246,0.540454861,0.689482343
Machinery/Genesis-96-R-F1,0.013800512,0.002280814,0.244733468,0.245561337,,0.046604584,0.00228097,,0.138675524,0.260682927,0.167074663,0.240586797,0.060763985,0.002280814,0.033376636,0.269463493,0.137140322,0.311806543,0.21226565,0.112288447,0.011736109,0.133864542,0.003033323,,0.002784623,0.001794392,0.013769512
Machinery/Genesis-96-R-P,0.007220217,0.001141709,0.571428571,0.1875,,0.025641026,0.001141787,,0.125,0.8,0.169230769,0.4,0.034482759,0.001141709,0.018691589,1,0.081761006,0.4,0.333333333,0.066666667,0.006006006,0.101694915,0.001525719,,0.001399941,0.000900358,0.006993007
Machinery/Genesis-96-R-R,0.155710956,1,0.155710956,0.355710956,,0.255477855,1,,0.155710956,0.155710956,0.164972805,0.172027972,0.255477855,1,0.155710956,0.155710956,0.425019425,0.255477855,0.155710956,0.355710956,0.255477855,0.195804196,0.255477855,,0.255477855,0.255477855,0.444755245
Machinery/Genesis-96-V-PR,0.004397805,0.003217998,0.105093442,0.194010271,0.003382505,0.110604074,0.07306946,0.024066199,0.11168617,0.126185276,0.15856716,0.092490069,0.117530835,0.006271862,0.01177732,0.003211006,0.207931503,0.137441342,0.114132585,0.161160218,0.108141996,0.166588236,0.133567864,0.386648739,0.020628547,0.225844851,0.309464983
Machinery/Genesis-96-V-ROC,0.447880571,0.280465902,0.497108805,0.55010839,0.417673839,0.727692735,0.725240942,0.475850567,0.614484804,0.616504027,0.822704201,0.771699586,0.750881949,0.603150237,0.713423851,0.424083388,0.823108064,0.556631879,0.547052506,0.751106939,0.514438119,0.803942437,0.547772154,0.646598146,0.600461511,0.498934893,0.673054101
Mackey Glass/MGAB-96-A-P,0.002455759,0.001593299,0.002580236,0.002535267,0.002318324,0.003007141,0.002395824,0.003548317,0.002201698,0.002988566,0.002561789,0.002630493,0.002768861,0.001577715,0.00226522,0.001684991,0.002331052,0.003592488,0.003193756,0.0019731,0.002945475,0.002118669,0.002710453,0.002567115,0.002402366,0.002860461,0.004053851
Mackey Glass/MGAB-96-A-R,0.50031373,0.360016388,0.528930132,0.544937059,0.503526466,0.566741616,0.514710802,0.575721028,0.486589323,0.535338734,0.527525469,0.534005749,0.558676591,0.357257554,0.475479993,0.372280809,0.513191848,0.591638943,0.555194005,0.419150362,0.586449267,0.479226536,0.559660709,0.556789588,0.509045685,0.549751012,0.580076652
Mackey Glass/MGAB-96-Acc,0.98615,0.016662963,0.988224074,0.653814815,0.980253704,0.874883333,0.002325926,0.920475926,0.99157963,0.987664815,0.919840741,0.83497963,0.887766667,0.004892593,0.964631481,0.987825926,0.898855556,0.897881481,0.98537037,0.990796296,0.92757037,0.943946296,0.89827963,0.924922222,0.873,0.898537037,0.898103704
Mackey Glass/MGAB-96-Aff-F1,0.689945771,0.666682589,0.660037357,0.441472078,0.673434704,0.668437693,0.666675673,0.674555049,0.663624823,0.662041283,0.679582993,0.667724178,0.668814437,0.666684619,0.675283503,0.662195983,0.673293049,0.668598927,0.664090112,0.668147574,0.664609695,0.670948035,0.665504697,0.66562797,0.666745146,0.666234757,0.665788324
Mackey Glass/MGAB-96-Aff-P,0.540438608,0.500018601,0.500615004,0.336020743,0.510945189,0.504883596,0.500010132,0.510079266,0.50297943,0.501891072,0.526889765,0.501654059,0.50613587,0.500020288,0.512306287,0.501174837,0.512926833,0.505132231,0.501623492,0.50677878,0.500291787,0.514886945,0.499534533,0.501254594,0.500419606,0.501104908,0.501315282
Mackey Glass/MGAB-96-Aff-R,0.964491222,0.999997251,0.968579529,0.644175935,0.98772639,0.989083168,1,0.99576353,0.975177524,0.972346093,0.964397975,0.998185513,0.98607864,0.999999649,0.991256515,0.975779459,0.980926284,0.988865451,0.982251515,0.980847754,0.989683574,0.967723093,0.996647927,0.990418757,0.998690388,0.993717441,0.990901129
Mackey Glass/MGAB-96-F1,0.006296326,0.004387427,0.004094185,0.001633069,0.00483879,0.00569104,0.004435049,0.008617679,0.002598754,0.007283683,0.003519776,0.00578137,0.005989288,0.004424311,0.004777435,0.006367113,0.003499655,0.008153214,0.006789497,0.004730276,0.006340972,0.00424745,0.005173405,0.002172208,0.004236383,0.006485127,0.007042683
Mackey Glass/MGAB-96-P,0.006952102,0.002198661,0.00252424,0.000908644,0.002917892,0.002979478,0.002222453,0.004453334,0.00175975,0.00447435,0.003415515,0.002964396,0.003236513,0.002217084,0.003023177,0.00389184,0.001809455,0.004424654,0.003998077,0.003118673,0.003270855,0.002584261,0.002643761,0.001119265,0.002155774,0.00331464,0.00359937
Mackey Glass/MGAB-96-R,0.014166667,0.975,0.010833333,0.009166667,0.023333333,0.165833333,1,0.165,0.005,0.02,0.075,0.204166667,0.155,0.995,0.0425,0.0175,0.1025,0.175833333,0.0225,0.01,0.103333333,0.0525,0.12,0.036666667,0.121666667,0.149166667,0.1625
Mackey Glass/MGAB-96-R-A-P,0.004495027,0.003089795,0.004489839,0.019606038,0.00444185,0.004767462,0.004505713,0.005255126,0.004356662,0.004876938,0.004539163,0.004278139,0.004632933,0.003056323,0.00410763,0.003558733,0.004335235,0.005008657,0.004695654,0.004042012,0.00800613,0.004043218,0.004636234,0.005195288,0.004077565,0.004637976,0.004675927
Mackey Glass/MGAB-96-R-A-R,0.506012973,0.503256188,0.62319696,0.645906653,0.497170926,0.646532129,0.637148105,0.64031965,0.628464971,0.64009494,0.641877016,0.626227999,0.64872902,0.501166211,0.603431053,0.543991594,0.626140771,0.652719844,0.634534274,0.590961983,0.644787965,0.608143834,0.646178313,0.634986138,0.617661462,0.632356117,0.620239612
Mackey Glass/MGAB-96-R-F1,0.010610606,0.005503677,0.004814667,0.001772915,0.005303848,0.005567235,0.002624557,0.008253121,0.003277176,0.008163011,0.005361851,0.004896468,0.005173079,0.005215238,0.005650705,0.007216167,0.004010339,0.007645585,0.007536914,0.00581975,0.005894885,0.004944373,0.004899935,0.002646427,0.004520201,0.005768661,0.00630262
Mackey Glass/MGAB-96-R-P,0.006966723,0.002762006,0.00252424,0.000908644,0.002794519,0.002960776,0.001314394,0.004217846,0.00175975,0.00447435,0.003491719,0.002484351,0.002634971,0.0026153,0.003023177,0.00389184,0.00205324,0.003976679,0.003998077,0.003118673,0.003006435,0.002596438,0.002483103,0.00135358,0.002285065,0.002923747,0.003200797
Mackey Glass/MGAB-96-R-R,0.068,0.852444444,0.052,0.04,0.068666667,0.244666667,1,0.212833333,0.024,0.048,0.109212698,0.223022222,0.186055556,0.958,0.104,0.052,0.139888889,0.244,0.068,0.044,0.152666667,0.110666667,0.194222222,0.062666667,0.215611111,0.216,0.204666667
Mackey Glass/MGAB-96-V-PR,0.004335368,0.00313167,0.004378084,0.018863881,0.004457986,0.004604673,0.004346822,0.00512877,0.004218628,0.004681041,0.004373887,0.004220538,0.00448212,0.003098111,0.004134833,0.0036375,0.004250056,0.004831322,0.004557965,0.003948709,0.007024077,0.003977607,0.004504233,0.004960749,0.004049436,0.00450628,0.004765458
Mackey Glass/MGAB-96-V-ROC,0.503937722,0.484380473,0.607974792,0.629008587,0.497446866,0.630889801,0.616523661,0.628886777,0.605697029,0.622155313,0.622784355,0.613204436,0.632489088,0.482147065,0.588629392,0.522105735,0.61142862,0.637759255,0.620372837,0.565094455,0.631893662,0.59009894,0.63133518,0.621831752,0.603908964,0.617944368,0.614988153
Movement/Daphnet-96-A-P,0.035771564,0.049584788,0.052550823,0.053828533,0.037848474,0.066147287,0.070290782,0.058769832,0.07654397,0.052389358,0.074836892,0.063930699,0.069602208,0.046146441,0.052071034,0.049725059,0.070174306,0.052423051,0.052201,0.060839274,0.046596819,0.074986996,0.051708369,0.039471835,0.046028823,0.051632937,0.059756426
Movement/Daphnet-96-A-R,0.397255081,0.497035318,0.534626031,0.521190397,0.500536125,0.625463298,0.634762896,0.549835876,0.670478935,0.486423198,0.65684341,0.654731999,0.658928834,0.448440866,0.473343292,0.495637253,0.666556715,0.485804664,0.528845213,0.590261989,0.501799432,0.664455889,0.520622228,0.4613731,0.525952267,0.541048243,0.561987223
Movement/Daphnet-96-Acc,0.925698119,0.084512787,0.954466123,0.228191138,0.946829071,0.902913727,0.042574221,0.919282775,0.959527484,0.955370003,0.908814668,0.828400573,0.890154688,0.042548501,0.911823927,0.959779174,0.876061875,0.898737875,0.954851925,0.959972075,0.853935185,0.898816872,0.86938933,0.853536523,0.835495664,0.79179343,0.827570179
Movement/Daphnet-96-Aff-F1,0.701103378,0.669308571,0.653497379,0.172022311,0.675585444,0.728363446,0.66829141,0.723357084,0.572919944,0.668876641,0.718623113,0.699313205,0.713929026,0.669795739,0.659681105,0.603620314,0.727137517,0.729985403,0.656369631,0.600719713,0.671151746,0.740918927,0.656322871,0.656894085,0.67920853,0.6590907,0.652616621
Movement/Daphnet-96-Aff-P,0.550970992,0.503130981,0.507921823,0.13518785,0.514281055,0.590363378,0.501855995,0.582393767,0.467150197,0.525201829,0.572293974,0.566644149,0.576543062,0.503553784,0.548441887,0.489700935,0.585622506,0.597571874,0.508739982,0.47742021,0.509216396,0.61476185,0.493620717,0.493387145,0.516817015,0.495230522,0.493262346
Movement/Daphnet-96-Aff-R,0.968173618,0.999555256,0.967342229,0.236844563,0.984555915,0.973068788,0.999999369,0.968412847,0.751839691,0.968130545,0.975669329,0.957068536,0.967336537,0.999997494,0.886163532,0.860293865,0.979901549,0.973225978,0.966652272,0.863361907,0.993506418,0.966896325,0.992876784,0.99297713,0.997159999,0.99655992,0.982771462
Movement/Daphnet-96-F1,0.019326817,0.070174114,0.016348932,0.01227913,0.02424442,0.054663069,0.072309987,0.037142495,0.00974147,0.018511627,0.074526526,0.077609195,0.058707308,0.072229129,0.030668812,0.006189759,0.065310626,0.059930911,0.016657776,0.006901631,0.080839197,0.083131098,0.079784648,0.05933548,0.067655183,0.081854137,0.065482344
Movement/Daphnet-96-P,0.061575063,0.036729191,0.070634296,0.027661579,0.04158102,0.101154672,0.037601118,0.098467044,0.091944503,0.089685474,0.108106696,0.104906795,0.117401175,0.037560948,0.095253574,0.071481924,0.103844863,0.108255659,0.06862114,0.06715326,0.0710281,0.132193231,0.06679221,0.053452635,0.047578482,0.060235219,0.055470605
Movement/Daphnet-96-R,0.018339283,0.942945599,0.010015197,0.008165717,0.018880535,0.11837184,0.996750117,0.052952573,0.005578024,0.011438765,0.12464107,0.288327174,0.163571368,0.995134896,0.018902673,0.003387191,0.184807671,0.095010824,0.010284699,0.003775442,0.119376242,0.159128574,0.115234661,0.093750607,0.139951987,0.178427562,0.118006681
Movement/Daphnet-96-R-A-P,0.052635739,0.089512831,0.094817227,0.113268443,0.073074909,0.123148155,0.132485193,0.098080361,0.141028681,0.09237171,0.136539278,0.118633281,0.126882334,0.082482342,0.09530601,0.090552883,0.126739797,0.092278939,0.093956371,0.110789659,0.100888005,0.14133883,0.097895339,0.086864567,0.097325628,0.137655723,0.110811434
Movement/Daphnet-96-R-A-R,0.441615691,0.622073103,0.652866581,0.63916555,0.512793373,0.753148755,0.767994915,0.658171691,0.784297068,0.619486948,0.776756225,0.761509262,0.765189835,0.561850748,0.610492331,0.624043739,0.767198352,0.620134478,0.651162668,0.713253428,0.587297365,0.785555668,0.568155819,0.569545314,0.612552637,0.625229995,0.685857479
Movement/Daphnet-96-R-F1,0.085065301,0.048035052,0.080512652,0.034188179,0.068115988,0.106955263,0.039793748,0.114338065,0.082338812,0.093446369,0.12480994,0.106526683,0.109153584,0.048169683,0.114929484,0.073917466,0.108313654,0.106535226,0.080988924,0.072547897,0.115259587,0.119202777,0.100251891,0.10587824,0.082476858,0.096184348,0.099179386
Movement/Daphnet-96-R-P,0.067543823,0.025216895,0.070634296,0.027661579,0.04240931,0.094945651,0.020992693,0.116708593,0.091944503,0.089685474,0.105784321,0.106801979,0.106710757,0.025056393,0.095253574,0.071481924,0.096411606,0.097749819,0.06862114,0.06715326,0.086696366,0.121799654,0.073570759,0.074622255,0.05293214,0.067202291,0.068075018
Movement/Daphnet-96-R-R,0.161498834,0.914331018,0.138310902,0.04873343,0.185010458,0.161465557,0.965168882,0.165766308,0.088599174,0.137894444,0.179357261,0.171243793,0.172255334,0.94332019,0.159330495,0.093152645,0.173952782,0.16070105,0.135719168,0.093302623,0.213217117,0.162395739,0.208827571,0.21292053,0.209087746,0.212309003,0.210630362
Movement/Daphnet-96-V-PR,0.05275126,0.090654465,0.094840149,0.110426858,0.072579862,0.121066809,0.129276463,0.096687196,0.137637325,0.091152402,0.133671219,0.115300704,0.124705394,0.08335327,0.094247428,0.091584944,0.125192332,0.091229982,0.093631824,0.109231281,0.099445353,0.137885434,0.097496852,0.086434603,0.096141448,0.135042139,0.109279346
Movement/Daphnet-96-V-ROC,0.442412192,0.614198168,0.642843367,0.625200796,0.512045327,0.737944789,0.751213706,0.646371743,0.770470983,0.603878247,0.762933425,0.74817559,0.753053608,0.554749647,0.598169978,0.615398101,0.756340584,0.604607035,0.639018759,0.701043552,0.578216639,0.771600467,0.563165923,0.55855544,0.602928459,0.61636473,0.670635886
Movement/OPP-96-A-P,0.043561954,0.089131374,0.116051855,0.070057452,0.024956533,0.017307502,0.015518123,,0.015504312,0.089291015,0.014871991,0.016970648,0.015186111,0.089820975,0.024345612,0.136642266,0.015041621,0.108200388,0.103710334,0.041749763,0.069242794,0.015571567,0.065878711,0.100397457,0.07276766,0.056281157,0.11489507
Movement/OPP-96-A-R,0.639604872,0.505617717,0.547484765,0.5741508,0.499781647,0.301962837,0.257943858,,0.240920112,0.528829485,0.230701594,0.262137029,0.21511588,0.490286754,0.512071508,0.507806783,0.224541553,0.551509499,0.510300655,0.396431377,0.518472206,0.271592191,0.458299084,0.552903042,0.541323938,0.484221775,0.484089003
Movement/OPP-96-Acc,0.885616262,0.036132985,0.95082856,0.77617675,0.939908567,0.899536298,0.025379423,0.877923267,0.962820942,0.95237402,0.88139092,0.89110771,0.897176612,0.025779094,0.959753769,0.938335711,0.910480658,0.912478553,0.955265774,0.961936256,0.823631058,0.880561502,0.759773337,0.880910731,0.804621754,0.603658849,0.811021817
Movement/OPP-96-Aff-F1,0.722755617,0.659746384,0.665113699,0.530128647,0.674680219,0.731979452,0.663020902,0.705702776,0.649773336,0.662267147,0.707880084,0.726615898,0.727066186,0.662636451,0.670353284,0.650383153,0.723793029,0.756956406,0.669273007,0.66123189,0.64888241,0.725541995,0.651278064,0.642380987,0.666606535,0.650095796,0.66453992
Movement/OPP-96-Aff-P,0.575043885,0.494397533,0.540093297,0.400851738,0.511580905,0.61160027,0.497519551,0.577301459,0.529732999,0.531295008,0.581132375,0.606059405,0.60459406,0.497092309,0.531892659,0.556496896,0.59734387,0.645035619,0.541575972,0.580574927,0.491191292,0.609902745,0.489724652,0.497067408,0.503084287,0.485815702,0.516231403
Movement/OPP-96-Aff-R,0.981819478,0.993428579,0.940832706,0.803225545,0.991213134,0.959206641,0.993548358,0.96417772,0.934379985,0.948664681,0.955941072,0.958370605,0.961441033,0.993498417,0.942229756,0.884251011,0.960780663,0.958917243,0.946848185,0.888579535,0.98140093,0.952325608,0.985589348,0.960305285,0.991717072,0.988259552,0.975102249
Movement/OPP-96-F1,0.058528271,0.046560535,0.01766303,0.011394358,0.023399296,0.006678255,0.047113804,0.025562419,0.000996802,0.017583747,0.002805446,0.00725478,0.00440104,0.046910528,0.002440073,0.012685337,0.004453804,0.106561037,0.019638883,0.002352531,0.036933053,0.003145487,0.051409787,0.027310925,0.064497796,0.046616799,0.077331748
Movement/OPP-96-P,0.063808315,0.024044381,0.03159167,0.013817934,0.027829508,0.011907468,0.024325931,0.09192781,0.002730594,0.024881128,0.003206066,0.026039835,0.01140082,0.024220846,0.006708428,0.024920637,0.008783369,0.101541815,0.032115779,0.003547943,0.023679345,0.004177204,0.02952404,0.020564464,0.039108552,0.025297362,0.064477142
Movement/OPP-96-R,0.207185764,0.976705702,0.020774338,0.014123458,0.037204843,0.022767415,0.992738297,0.062482394,0.000822821,0.020871628,0.017091888,0.021599226,0.016363453,0.989820757,0.002798548,0.014224892,0.014443777,0.208586449,0.021915243,0.002290027,0.152343433,0.018458533,0.271961813,0.077376551,0.285192476,0.395105963,0.212696166
Movement/OPP-96-R-A-P,0.058972377,0.101025578,0.122445622,0.103552625,0.046924913,0.043596042,0.036318741,,0.037494422,0.101681989,0.034492641,0.041496369,0.040609288,0.100386718,0.044164185,0.138389078,0.038897983,0.116538566,0.118688,0.058412364,0.085462346,0.036422742,0.076745672,0.08510992,0.07980743,0.112232163,0.123432566
Movement/OPP-96-R-A-R,0.60230372,0.595765666,0.662963536,0.665918169,0.509497307,0.558077452,0.517027349,,0.527026504,0.650676545,0.508636732,0.529113273,0.513332378,0.577294947,0.612698608,0.602687779,0.515855661,0.657333098,0.6524337,0.578999832,0.60016582,0.535041014,0.601646823,0.612758302,0.63653538,0.634843425,0.641646687
Movement/OPP-96-R-F1,0.051262436,0.051645768,0.024008897,0.0187111,0.046244817,0.014622313,0.059158105,0.031527171,0.004446534,0.019909828,0.006765731,0.027297591,0.014391059,0.059397146,0.010755757,0.017825672,0.012938895,0.03669492,0.024339988,0.004754296,0.013703015,0.007906402,0.02071019,0.011266512,0.039599656,0.021207875,0.023407362
Movement/OPP-96-R-P,0.04333345,0.03361442,0.03159167,0.013817934,0.027707116,0.010782074,0.038441544,0.035857138,0.002730594,0.024881128,0.003913653,0.02606641,0.011040069,0.041328975,0.006708428,0.024920637,0.008562079,0.055749878,0.032115779,0.003547943,0.008236357,0.004767321,0.012196794,0.007548639,0.024253242,0.012013831,0.02134335
Movement/OPP-96-R-R,0.168274861,0.924266271,0.056600319,0.09546077,0.20245462,0.077033245,0.94385955,0.115989164,0.032093876,0.055307952,0.074489042,0.097250642,0.082401508,0.924952907,0.051399992,0.035342556,0.080639004,0.153389622,0.05682631,0.030342022,0.200323132,0.077346216,0.237807828,0.120145379,0.250051495,0.281054684,0.254154731
Movement/OPP-96-V-PR,0.060306102,0.100919937,0.121247966,0.101723194,0.046967846,0.042177167,0.035809942,,0.036843039,0.100845573,0.034181782,0.040061161,0.03937204,0.100271809,0.044145465,0.13698891,0.037960833,0.115574923,0.117576597,0.057932769,0.083994773,0.035985628,0.075629451,0.083389461,0.080037786,0.109252371,0.122089066
Movement/OPP-96-V-ROC,0.610654323,0.587449316,0.649419413,0.655244309,0.509288762,0.526960877,0.487028903,,0.493203845,0.636896588,0.477214844,0.497147807,0.478403973,0.569225966,0.604313852,0.594220184,0.481714495,0.645647393,0.635681509,0.559255025,0.589495008,0.50431884,0.584489166,0.606920401,0.626996763,0.616180188,0.623195773
Multiple/KDD21-96-A-P,0.014356879,0.015502186,0.026219521,0.015231113,0.009196177,0.020214455,0.077270566,,0.10031871,0.027106181,0.029283716,0.015314184,0.018226063,0.015226881,0.033420451,0.023156933,0.023207273,0.022708265,0.023412983,0.069006789,0.018640728,0.072255262,0.037878889,0.017581386,0.048648648,0.025224289,0.039637172
Multiple/KDD21-96-A-R,0.506282087,0.528942515,0.540488768,0.535336471,0.491358169,0.536157723,0.529907489,,0.552167342,0.537416243,0.53216823,0.539361896,0.527147371,0.49493722,0.529551137,0.540482665,0.582370357,0.515807333,0.537625921,0.561085569,0.561350716,0.550758631,0.634956797,0.552781485,0.582022457,0.587709465,0.532649405
Multiple/KDD21-96-Acc,0.96693272,0.015774024,0.949358192,0.853646986,0.952221878,0.926621799,0.012247967,,0.962913471,0.957908961,0.926566325,0.915145347,0.922278718,0.015193283,0.957979332,0.881074595,0.947699318,0.912429695,0.948042312,0.945139558,0.911888924,0.948196798,0.905827334,0.915580558,0.881517406,0.871464395,0.87661717
Multiple/KDD21-96-Aff-F1,0.694113574,0.664031576,0.625327764,0.578169248,0.683339682,0.723478978,0.664245574,,0.662719936,0.641600317,0.70527687,0.701799618,0.709626146,0.66400636,0.635772337,0.581581207,0.717710467,0.727028258,0.637726758,0.637926344,0.663652513,0.750177492,0.675011727,0.655174703,0.671792771,0.665793284,0.657323736
Multiple/KDD21-96-Aff-P,0.537667068,0.498063086,0.482212545,0.436779824,0.521849954,0.584780288,0.498315313,,0.513084008,0.490585926,0.555628456,0.551314885,0.562122696,0.498033406,0.499097512,0.451816376,0.571982381,0.588419478,0.487878851,0.49702767,0.500854875,0.619825358,0.515703665,0.493291114,0.508092122,0.501447031,0.496254441
Multiple/KDD21-96-Aff-R,0.98607264,0.995901323,0.912980931,0.860705219,0.99115332,0.976938597,0.995900724,,0.957613348,0.939978771,0.981408774,0.980486081,0.978037941,0.995901301,0.913036541,0.842785389,0.982198069,0.97853685,0.932828045,0.922408637,0.988306754,0.984386862,0.989732318,0.979812186,0.995143299,0.992909316,0.976737521
Multiple/KDD21-96-F1,0.009533822,0.01694353,0.013114908,0.007796497,0.010866114,0.021785381,0.016874418,,0.035266867,0.014173761,0.020975177,0.017513394,0.019889655,0.016961145,0.022123327,0.012046447,0.025529128,0.025096189,0.013046881,0.025044425,0.024818714,0.064945741,0.050929591,0.02321801,0.032433232,0.022121817,0.020227869
Multiple/KDD21-96-P,0.019977163,0.008637648,0.022291374,0.008294997,0.011842002,0.06722182,0.008602261,,0.058987326,0.018215275,0.035166176,0.0357145,0.045660182,0.008647069,0.063206889,0.030333282,0.05782495,0.064476037,0.018726967,0.056099983,0.015442275,0.136719253,0.031064619,0.014945252,0.018807976,0.012704866,0.011863893
Multiple/KDD21-96-R,0.038106693,0.990272695,0.024112087,0.013895812,0.03231974,0.095812036,0.990061069,,0.037873693,0.030023752,0.101597286,0.086858853,0.088758762,0.99148318,0.028680484,0.014672589,0.089939942,0.112919152,0.032828744,0.049119232,0.159502693,0.106104751,0.295587761,0.129572891,0.263968841,0.219538751,0.160181347
Multiple/KDD21-96-R-A-P,0.021489822,0.019909943,0.026719108,0.030123223,0.018183412,0.022970619,0.067079608,,0.090332495,0.02779456,0.030981887,0.020983978,0.022119314,0.019529429,0.036356805,0.025252833,0.027833169,0.025188987,0.025072504,0.062308219,0.034956584,0.061651801,0.042172649,0.034487573,0.048688458,0.032310383,0.034500765
Multiple/KDD21-96-R-A-R,0.526427261,0.599411343,0.624236333,0.624884357,0.509693671,0.625355761,0.618654924,,0.63725663,0.619986701,0.625723332,0.632620855,0.620513104,0.562844945,0.627950968,0.614630566,0.666220945,0.609347153,0.620373341,0.633778069,0.606387896,0.639367171,0.640064863,0.612408559,0.645098275,0.662336821,0.611106054
Multiple/KDD21-96-R-F1,0.027769437,0.016404555,0.023198078,0.014426262,0.020095514,0.040862718,0.017490893,,0.057669257,0.024648514,0.036085493,0.030394094,0.037094795,0.015805451,0.044344121,0.026526382,0.044658646,0.045273489,0.022398898,0.043187676,0.021693875,0.084715028,0.026409189,0.020873004,0.019129508,0.021157369,0.016345786
Multiple/KDD21-96-R-P,0.019821594,0.008690592,0.022291374,0.008294997,0.011821034,0.051691717,0.012226857,,0.058987326,0.018215275,0.030157453,0.029333903,0.035235293,0.008367087,0.063206889,0.030333282,0.042813331,0.05476659,0.018726967,0.056099983,0.012936635,0.118083037,0.015788028,0.012433767,0.010538121,0.012019826,0.009159493
Multiple/KDD21-96-R-R,0.156396097,0.897204212,0.096572212,0.113809739,0.154844513,0.15539946,0.969814431,,0.129042858,0.120166201,0.153683091,0.134677998,0.145631713,0.904917259,0.119700311,0.077927667,0.161927413,0.181695118,0.111589013,0.130026776,0.214340829,0.166252587,0.270572653,0.206863496,0.244716229,0.22763782,0.228643241
Multiple/KDD21-96-V-PR,0.021619546,0.020389215,0.027117837,0.030052273,0.018194415,0.024555756,0.067956492,,0.090665575,0.030646704,0.03309042,0.022279421,0.024949912,0.019979506,0.040641989,0.025838349,0.03069517,0.025357782,0.02544161,0.061603255,0.035353192,0.064504327,0.042203466,0.034505436,0.048580472,0.032555609,0.035096021
Multiple/KDD21-96-V-ROC,0.524266247,0.591497306,0.617207523,0.615756658,0.508330803,0.618892612,0.612122731,,0.630601663,0.614153532,0.619196511,0.6236734,0.613834111,0.555475652,0.619585611,0.606228359,0.656925821,0.601713709,0.614016431,0.624990131,0.601305808,0.63197445,0.636840917,0.605555654,0.63914975,0.654983713,0.605891973
Multiple/NAB-96-A-P,0.083223464,0.160895079,0.174317966,0.167454303,0.106400777,0.175629245,0.149743027,0.099087387,0.143633243,0.176181185,0.160129052,0.171982184,0.179088703,0.157611145,0.117273649,0.156948751,0.179352703,0.177418622,0.174809684,0.159847684,0.164099563,0.163144449,0.188932263,0.155264493,0.169995401,0.182745903,0.232385605
Multiple/NAB-96-A-R,0.368906427,0.523114081,0.538993035,0.551279434,0.485583084,0.55381832,0.53925348,0.416501763,0.529305386,0.537074545,0.539989144,0.541439458,0.550049825,0.513724915,0.484542538,0.525593307,0.550188062,0.535959642,0.535944165,0.540832583,0.556231161,0.544331917,0.550611064,0.551744678,0.547129019,0.555291538,0.564703638
Multiple/NAB-96-Acc,0.686092926,0.111452545,0.786881289,0.581467565,0.805903737,0.839966189,0.121692246,0.679898848,0.833147634,0.800781693,0.873115089,0.837917985,0.8397665,0.117588436,0.821581722,0.755282766,0.843747653,0.869489283,0.802366012,0.847614177,0.798309244,0.870327103,0.760990499,0.821536447,0.778072128,0.694241932,0.729821326
Multiple/NAB-96-Aff-F1,0.584916988,0.680292822,0.657703238,0.469953093,0.674669155,0.80475318,0.680683605,0.616191404,0.66395565,0.672691169,0.819221452,0.809214324,0.809186131,0.681636904,0.645858482,0.639129881,0.804396397,0.848927271,0.673106732,0.723073332,0.717556044,0.826719246,0.699944975,0.694705252,0.693579181,0.699761898,0.721161592
Multiple/NAB-96-Aff-P,0.478117687,0.515804437,0.56925072,0.387975362,0.525044828,0.735337661,0.51626483,0.550196071,0.581204217,0.591470625,0.735802033,0.754623092,0.744532743,0.517430121,0.536024131,0.59355946,0.737052842,0.790512909,0.590257419,0.641124349,0.578967853,0.748453877,0.557891818,0.57891748,0.545020769,0.544388672,0.592087808
Multiple/NAB-96-Aff-R,0.764719037,0.999983467,0.80884667,0.614657459,0.947550422,0.913698846,0.999972902,0.732478445,0.824931367,0.837251215,0.955723281,0.904690097,0.912812035,0.999991895,0.848547613,0.753445052,0.911045527,0.943867786,0.830869504,0.860989937,0.96514529,0.956364037,0.955928525,0.91941421,0.970084038,0.987262048,0.95376774
Multiple/NAB-96-F1,0.031064911,0.192374707,0.063487776,0.045958816,0.084830989,0.103612427,0.192596747,0.041388176,0.034613604,0.064975062,0.079449581,0.071563223,0.085497196,0.192814025,0.03598517,0.054851226,0.086926005,0.097731873,0.06441874,0.048841041,0.170179015,0.079121744,0.168942457,0.135610502,0.167607547,0.186592936,0.206611647
Multiple/NAB-96-P,0.14610981,0.10659162,0.268646964,0.154044107,0.12681293,0.491175518,0.106881549,0.28860233,0.257775374,0.29447443,0.46823162,0.530852511,0.517522867,0.106941374,0.207264795,0.364031827,0.495033637,0.52135209,0.283687451,0.341465865,0.217707857,0.501186126,0.193303412,0.211616293,0.167564596,0.162081735,0.213006701
Multiple/NAB-96-R,0.030574489,0.992054398,0.04738454,0.040072418,0.082813259,0.08676867,0.982706381,0.047719157,0.020849113,0.050259096,0.063212424,0.055492603,0.071964801,0.98757789,0.03112542,0.039214374,0.069473208,0.078784655,0.049073156,0.035033049,0.228547981,0.065998,0.246123109,0.168050537,0.239553486,0.359389583,0.352534084
Multiple/NAB-96-R-A-P,0.146461923,0.251199404,0.268727825,0.309634857,0.202934154,0.255946577,0.241729801,0.16963761,0.234924649,0.262512456,0.245389461,0.253938956,0.257970217,0.247625382,0.202280524,0.252150863,0.256841945,0.266195769,0.263852769,0.262020674,0.323139165,0.248435317,0.299991164,0.288147285,0.265839092,0.316286649,0.307401795
Multiple/NAB-96-R-A-R,0.439531938,0.626109703,0.652870515,0.659387441,0.533642239,0.65808016,0.658529021,0.514939576,0.642478009,0.656249921,0.658019034,0.650333215,0.653014265,0.61531923,0.622908707,0.640570718,0.6512921,0.657174937,0.661786193,0.658533534,0.628457443,0.658549121,0.629463337,0.637880935,0.63236505,0.65570174,0.672968492
Multiple/NAB-96-R-F1,0.140476414,0.135663652,0.183037578,0.125627805,0.143438302,0.24269966,0.146426563,0.174205683,0.175008362,0.187246197,0.243800571,0.248533587,0.252315064,0.116475429,0.163180953,0.191654946,0.239867234,0.261724938,0.187220435,0.206951585,0.161652753,0.250250398,0.153542984,0.157098981,0.142411411,0.139414656,0.176502265
Multiple/NAB-96-R-P,0.146073007,0.080727886,0.268646964,0.154044107,0.113784625,0.426618037,0.09289057,0.317631586,0.257775374,0.29447443,0.433991796,0.515035485,0.484028179,0.068207579,0.207264795,0.364031827,0.443911611,0.482706301,0.283687451,0.341465865,0.143384512,0.461692634,0.131399733,0.165009859,0.115971461,0.105460155,0.153510165
Multiple/NAB-96-R-R,0.157384111,0.866638838,0.162152003,0.125076258,0.199746829,0.198928078,0.82392655,0.14770049,0.164546481,0.172209324,0.202161862,0.191931183,0.196768474,0.887478558,0.16227995,0.154313483,0.193814915,0.20739058,0.170898644,0.165285687,0.230663142,0.203962225,0.224921746,0.212233402,0.21565556,0.26090303,0.315139737
Multiple/NAB-96-V-PR,0.145172998,0.24744082,0.267740777,0.308034474,0.200947101,0.254934046,0.240137378,0.168487122,0.233277189,0.26175759,0.244525401,0.252487528,0.257350614,0.244135623,0.200664131,0.25000444,0.256164087,0.265249168,0.262765665,0.259135128,0.321057498,0.246760724,0.298882636,0.285864229,0.264904706,0.315768809,0.307478088
Multiple/NAB-96-V-ROC,0.434673821,0.616307383,0.643552942,0.650177758,0.530480904,0.648896783,0.648920952,0.506907942,0.633386022,0.646675221,0.648881348,0.640773072,0.644522661,0.605947453,0.609684865,0.630171859,0.642938412,0.646608663,0.65094154,0.64817701,0.62338752,0.649350076,0.623764807,0.631152192,0.626543087,0.647989985,0.664271899
Multiple/YAHOO-96-A-P,0.020884921,0.316789704,0.444203477,0.105481785,0.010007024,0.646324577,0.458981973,0.099434546,0.212779743,0.425898672,0.4881573,0.32301427,0.530999677,0.293663497,0.654173725,0.388172651,0.569363033,0.419752482,0.44544453,0.493367319,0.096485135,0.783700165,0.450536609,0.113991125,0.438403446,0.087165901,0.072707394
Multiple/YAHOO-96-A-R,0.461613071,0.624487954,0.751992418,0.680696078,0.478639664,0.878865961,0.839150373,0.501723361,0.891759886,0.744738788,0.850359324,0.827188686,0.860686801,0.617220017,0.774184993,0.630790928,0.866377142,0.732027885,0.750680935,0.676067198,0.658170183,0.938770347,0.752929422,0.642400405,0.739422765,0.616413084,0.609379588
Multiple/YAHOO-96-Acc,0.896718624,0.015568645,0.820722885,0.835897224,0.91518954,0.943847405,0.013579319,0.889162635,0.913604439,0.806971818,0.951489702,0.912579747,0.936218101,0.012098967,0.816707133,0.789092827,0.940902821,0.855902037,0.812788265,0.870116422,0.496880033,0.963578672,0.486635245,0.517215193,0.489909198,0.119869612,0.419748573
Multiple/YAHOO-96-Aff-F1,0.674834702,0.653650863,0.65107787,0.651195509,0.647596233,0.841955034,0.654252868,0.73334175,0.821692123,0.617005465,0.842799498,0.778266656,0.825295905,0.654206043,0.602960137,0.604758553,0.832071193,0.731659114,0.642792431,0.747349531,0.652823974,0.939891579,0.661506728,0.62572418,0.659501607,0.659580557,0.645734611
Multiple/YAHOO-96-Aff-P,0.562202674,0.491318851,0.57660007,0.540604698,0.525877656,0.814739983,0.491806618,0.64583603,0.829191104,0.56564414,0.819504524,0.703367282,0.7828672,0.491771189,0.738290665,0.57876317,0.791835542,0.67354313,0.570673887,0.722202748,0.510667712,0.926640824,0.511662549,0.500007371,0.505197554,0.498658766,0.512572358
Multiple/YAHOO-96-Aff-R,0.863488676,0.977897942,0.835875649,0.863117077,0.857494252,0.899334648,0.977879726,0.890171236,0.848754758,0.77458224,0.894590171,0.907680723,0.902552022,0.977892676,0.581165287,0.746228511,0.903799112,0.841677487,0.827906682,0.854339603,0.927001184,0.961600864,0.952922614,0.874197573,0.959528579,0.977743977,0.902049104
Multiple/YAHOO-96-F1,0.015617021,0.01441853,0.133901025,0.092127349,0.008958815,0.510197343,0.014320471,0.079387759,0.351683354,0.131638903,0.461690565,0.298874349,0.432074099,0.014315141,0.422180645,0.13997445,0.436886085,0.308889055,0.130869055,0.2182963,0.05564645,0.663603334,0.049975284,0.059273825,0.039274335,0.026415599,0.030326787
Multiple/YAHOO-96-P,0.013060824,0.007375202,0.15907514,0.080471538,0.006509601,0.507640165,0.00732854,0.067755864,0.369500912,0.167709813,0.438553295,0.289917648,0.409625995,0.007321703,0.625028632,0.210808227,0.444536217,0.287453854,0.156474067,0.255824716,0.035236856,0.656071385,0.031066207,0.045932297,0.022169972,0.014709876,0.018790808
Multiple/YAHOO-96-R,0.081196909,0.975640382,0.358666337,0.345429128,0.033273625,0.692549232,0.969016113,0.228647695,0.429167363,0.327546535,0.647908047,0.564839382,0.651107736,0.975503508,0.379890858,0.309626434,0.62935826,0.588764071,0.352270016,0.366886235,0.743963047,0.814147708,0.770765323,0.662869787,0.746556361,0.950432486,0.679210082
Multiple/YAHOO-96-R-A-P,0.015587246,0.240649595,0.343625668,0.287347412,0.010583388,0.517950824,0.337825595,0.05788112,0.1655898,0.325338295,0.384180694,0.269861824,0.411826326,0.225641206,0.525817761,0.296061985,0.452483612,0.32102218,0.345076604,0.388788647,0.336040659,0.70721081,0.35240139,0.234659327,0.340239249,0.36759379,0.065755267
Multiple/YAHOO-96-R-A-R,0.429177962,0.51394773,0.671831568,0.620357292,0.460108487,0.84986618,0.838671321,0.438398241,0.869597282,0.666942857,0.820280499,0.788661796,0.827160661,0.507521793,0.678299797,0.522786604,0.839696289,0.654577146,0.67162273,0.56146779,0.607223359,0.940317898,0.671451923,0.588388394,0.656433603,0.571304212,0.553203644
Multiple/YAHOO-96-R-F1,0.018130727,0.008106591,0.136981778,0.092772532,0.009110835,0.52571966,0.011339504,0.10085639,0.361619521,0.136957839,0.44904855,0.311932083,0.423705988,0.008602923,0.450503429,0.147009864,0.462041996,0.320812601,0.13473436,0.225046612,0.066236222,0.685467849,0.045667306,0.070500008,0.037015463,0.012454454,0.023360963
Multiple/YAHOO-96-R-P,0.013221622,0.004191724,0.15907514,0.080471538,0.00625285,0.507168375,0.006494832,0.081628607,0.369500912,0.167709813,0.416353963,0.297785704,0.393006185,0.004461809,0.625028632,0.210808227,0.452115625,0.280355217,0.156474067,0.255824716,0.039587225,0.661662923,0.025906622,0.047806518,0.019689699,0.006503694,0.013568647
Multiple/YAHOO-96-R-R,0.083763442,0.976273788,0.385696994,0.371518355,0.035392349,0.713688621,0.96875675,0.241097101,0.443745544,0.355274888,0.658353109,0.576876344,0.662924039,0.974662465,0.417362891,0.335329789,0.653158037,0.593914547,0.380026966,0.39393082,0.74446776,0.846395823,0.76959727,0.665192418,0.746932324,0.947765801,0.688255331
Multiple/YAHOO-96-V-PR,0.016149699,0.233566725,0.330892695,0.288950847,0.011863901,0.491101016,0.337707933,0.063905884,0.167204235,0.313363548,0.373712879,0.261168371,0.394033426,0.219318232,0.508448175,0.286209238,0.433583612,0.308739336,0.332076647,0.373326573,0.339970693,0.685120034,0.339019001,0.23958001,0.327330507,0.37335013,0.068409086
Multiple/YAHOO-96-V-ROC,0.432148799,0.543064155,0.679516638,0.633022744,0.461213068,0.837591317,0.83190083,0.471727579,0.863991112,0.675560825,0.818462512,0.785131077,0.82086573,0.538547528,0.709517823,0.549466036,0.832168316,0.663636546,0.679557077,0.587978854,0.620288718,0.934501426,0.679894021,0.601337694,0.665098692,0.585647143,0.561618004
Server Machine/SMD-96-A-P,0.031314049,0.132043632,0.298301443,0.111767227,0.029144353,0.30208261,0.2481258,0.06131624,0.254811113,0.298222476,0.297694558,0.267161925,0.296510563,0.134633809,0.042904264,0.280801046,0.290443056,0.289749533,0.299053575,0.300895431,0.127567396,0.292079264,0.283350571,0.134381982,0.184228418,0.296315981,0.341907338
Server Machine/SMD-96-A-R,0.425640484,0.528884697,0.705464471,0.669998322,0.496815421,0.758513409,0.685151375,0.536404633,0.720075014,0.689524457,0.727023751,0.750167828,0.766233349,0.530471679,0.491163022,0.656504299,0.765945331,0.666171368,0.69671641,0.707165574,0.678034096,0.742821461,0.693171205,0.657792849,0.662258671,0.692116601,0.740807389
Server Machine/SMD-96-Acc,0.942841566,0.069627207,0.928330783,0.356860188,0.945128151,0.935213558,0.046552609,0.837198581,0.937163933,0.938555654,0.946190018,0.935489689,0.935697121,0.069771791,0.958283173,0.911558176,0.938520743,0.923582947,0.935061402,0.921860673,0.747740856,0.942611779,0.767697999,0.779749545,0.772089241,0.779719021,0.731546621
Server Machine/SMD-96-Aff-F1,0.709301966,0.678880396,0.667406309,0.264471322,0.690787709,0.812490817,0.674002532,0.680974508,0.70500442,0.670604966,0.813813813,0.807657657,0.814314049,0.678839513,0.608036273,0.621824815,0.815239677,0.800027075,0.657969971,0.665944747,0.663189507,0.815510169,0.702506659,0.632690364,0.69872791,0.681804648,0.658831692
Server Machine/SMD-96-Aff-P,0.569073809,0.516343181,0.591058058,0.210295716,0.537026811,0.763141529,0.508543239,0.558773453,0.600112148,0.622353037,0.735224569,0.740904747,0.754797683,0.516297833,0.582002862,0.612817063,0.756279542,0.753629701,0.581464358,0.628057135,0.535146213,0.749641189,0.559849773,0.523427678,0.548015049,0.53913475,0.530447322
Server Machine/SMD-96-Aff-R,0.958991031,0.999919599,0.82267138,0.363152996,0.9758752,0.913728392,0.999959278,0.897246815,0.874151267,0.801447519,0.945415627,0.92770955,0.924554096,0.99991965,0.715781344,0.715888173,0.923009393,0.888484853,0.821367534,0.784296003,0.906044317,0.932699888,0.966590812,0.846799017,0.9809815,0.947359379,0.891128669
Server Machine/SMD-96-F1,0.019528591,0.064505033,0.106901885,0.032667561,0.024693248,0.219156448,0.054683379,0.075398447,0.138558628,0.108544542,0.21942799,0.217741195,0.230024925,0.064485093,0.022382562,0.104780507,0.223796434,0.226724759,0.106867264,0.130965353,0.12369116,0.219578929,0.14872231,0.141358113,0.129389201,0.137221081,0.135328865
Server Machine/SMD-96-P,0.075429192,0.046406744,0.226896589,0.038024306,0.044516188,0.442946988,0.028845013,0.130303665,0.254449104,0.281092102,0.444489436,0.386652991,0.404942395,0.04639587,0.187338664,0.285797745,0.415117379,0.406125727,0.216584367,0.328471006,0.114701801,0.458911018,0.133401205,0.14057393,0.108979111,0.107976251,0.091098493
Server Machine/SMD-96-R,0.027239988,0.975558741,0.138488666,0.056190335,0.031421035,0.261936025,0.991670194,0.176148979,0.119959036,0.132360124,0.218795172,0.265937739,0.274666568,0.975408958,0.015840977,0.117369143,0.254462512,0.306710311,0.138691403,0.12058453,0.496204552,0.224918259,0.515899437,0.420188877,0.485563687,0.523161775,0.596750716
Server Machine/SMD-96-R-A-P,0.040293451,0.11802085,0.219101624,0.231772357,0.049625455,0.291199,0.202583562,0.07964636,0.232813266,0.215583644,0.242599579,0.258534179,0.300400688,0.118041299,0.057426661,0.202124942,0.285999164,0.211961331,0.208678371,0.237501013,0.246512914,0.246422712,0.227303394,0.204277516,0.166642557,0.218959748,0.24421229
Server Machine/SMD-96-R-A-R,0.472312669,0.528209015,0.685904309,0.675963187,0.503468009,0.791462766,0.719729744,0.590674754,0.739228087,0.685106927,0.755348604,0.787151475,0.799020608,0.527940312,0.578815692,0.651280878,0.802943039,0.666065717,0.686545,0.729195711,0.675473755,0.774118662,0.669932007,0.663867207,0.666865033,0.674933406,0.69813377
Server Machine/SMD-96-R-F1,0.069082366,0.030785162,0.125099912,0.035194654,0.051850791,0.215196438,0.028611718,0.124134287,0.161683043,0.137726731,0.205622414,0.188484985,0.202216488,0.037872331,0.096937881,0.121599943,0.209540867,0.212030673,0.121146485,0.147345174,0.094102057,0.207164417,0.088062557,0.097339186,0.077473766,0.084309187,0.082164166
Server Machine/SMD-96-R-P,0.074816651,0.027516591,0.226896589,0.038024306,0.043871633,0.386467041,0.016542873,0.165754363,0.254449104,0.281092102,0.379409109,0.341356618,0.343350329,0.03204843,0.187338664,0.285797745,0.357393755,0.358054013,0.216584367,0.328471006,0.08568737,0.395078861,0.084686736,0.101824094,0.069263493,0.072421545,0.061921667
Server Machine/SMD-96-R-R,0.140815464,0.943091146,0.145881018,0.063305648,0.144204467,0.238126388,0.961930548,0.170534833,0.152048725,0.1482934,0.207659248,0.210220856,0.22139,0.94080519,0.101776116,0.12526198,0.221887301,0.240325279,0.150276453,0.132226706,0.355585273,0.210858315,0.349583568,0.300552023,0.325859473,0.363459661,0.468371457
Server Machine/SMD-96-V-PR,0.040122662,0.11827707,0.219782618,0.231448435,0.049479538,0.284416661,0.203322181,0.07866575,0.23333739,0.216230301,0.242246123,0.254099405,0.293469476,0.11841553,0.057080736,0.203338656,0.281087901,0.212254069,0.209659408,0.237250218,0.245902081,0.245589882,0.228157887,0.203744442,0.166239741,0.219689049,0.243991973
Server Machine/SMD-96-V-ROC,0.466224146,0.52251765,0.680123807,0.669590284,0.502402049,0.783436068,0.712597401,0.579856709,0.732091439,0.680409436,0.749446799,0.777734038,0.790769051,0.522465229,0.57055657,0.643414022,0.794244449,0.660822963,0.68130662,0.721336671,0.670293758,0.765804128,0.666956294,0.657462329,0.660973261,0.669400229,0.693853861
Spacecraft/NASA-MSL-96-A-P,0.086100482,0.235736207,0.280248397,0.15544679,0.071611408,0.318040495,0.184629413,0.108796027,0.121214215,0.330992602,0.260858363,0.269333267,0.317168691,0.23069399,0.147098906,0.226571714,0.330572481,0.298181186,0.286491462,0.282678853,0.158911451,0.266648498,0.276801287,0.238588714,0.23712426,0.291665688,0.223429612
Spacecraft/NASA-MSL-96-A-R,0.435152761,0.557956068,0.63064175,0.603907702,0.44894409,0.678662136,0.642583233,0.491621378,0.571585105,0.718841953,0.658750693,0.666646952,0.695338648,0.535855343,0.475762887,0.525466405,0.702294411,0.654082637,0.648922031,0.623817491,0.597434781,0.661479021,0.668702488,0.647732525,0.612108541,0.66254389,0.524436617
Spacecraft/NASA-MSL-96-Acc,0.906180658,0.22752791,0.613170641,0.271930959,0.876590063,0.871487114,0.113883528,0.762609521,0.619593657,0.692016739,0.910028776,0.834066962,0.859459212,0.227753404,0.804992032,0.424285318,0.868059026,0.914850549,0.651567724,0.587376245,0.541037566,0.921577682,0.646483352,0.644872574,0.631993395,0.711974104,0.548994444
Spacecraft/NASA-MSL-96-Aff-F1,0.792937482,0.723025081,0.587390843,0.214748469,0.723614669,0.863400462,0.674231208,0.698458837,0.475636101,0.619436194,0.883673102,0.817074418,0.844882258,0.722903328,0.686762419,0.410629351,0.851626099,0.895192878,0.58622345,0.548059473,0.586995661,0.887871843,0.771774688,0.670160634,0.768068787,0.790313542,0.578230717
Spacecraft/NASA-MSL-96-Aff-P,0.693554378,0.581543902,0.54976324,0.18312806,0.605383081,0.821170733,0.508936177,0.624116434,0.417018747,0.574609752,0.834905466,0.752415009,0.791948726,0.581406576,0.576060995,0.373051007,0.79610938,0.854849096,0.523169447,0.492460237,0.482624316,0.834042792,0.648025003,0.576092164,0.642671974,0.680642641,0.474816297
Spacecraft/NASA-MSL-96-Aff-R,0.966279952,0.999678493,0.663678355,0.269136757,0.927913757,0.928418199,0.999329124,0.826858423,0.611894546,0.707769895,0.963452969,0.925928372,0.931179673,0.999678221,0.875892608,0.471089226,0.940111247,0.954479293,0.706533909,0.635386524,0.7693562,0.974009725,0.992292032,0.832802446,0.994232939,0.976722947,0.75322963
Spacecraft/NASA-MSL-96-F1,0.046438621,0.200658572,0.109497099,0.017630922,0.040729404,0.266987005,0.126111707,0.07577529,0.039509387,0.112950827,0.212965233,0.191254026,0.232786627,0.200605855,0.060732984,0.078635461,0.256132784,0.274044862,0.106595911,0.087511043,0.155564238,0.184736377,0.218960061,0.217446302,0.195881539,0.243110271,0.175961112
Spacecraft/NASA-MSL-96-P,0.311954949,0.20203891,0.357613801,0.066151095,0.194608104,0.617525789,0.069750548,0.355248671,0.195089613,0.366508999,0.622621547,0.435349627,0.578221742,0.202010817,0.249439976,0.259999421,0.584863793,0.597701255,0.275865051,0.295826973,0.192505337,0.640721904,0.28752011,0.27632708,0.272470152,0.336517567,0.173337554
Spacecraft/NASA-MSL-96-R,0.050058338,0.923038265,0.121581714,0.036123549,0.038989583,0.244823873,0.963070985,0.085221321,0.049076905,0.124139258,0.194379797,0.21194234,0.219674854,0.922620205,0.077883733,0.081958558,0.216765839,0.233567196,0.125091337,0.076924199,0.359258259,0.147302058,0.55211725,0.415642268,0.512516304,0.491474437,0.400385388
Spacecraft/NASA-MSL-96-R-A-P,0.1344403,0.288977107,0.385392861,0.427023149,0.118420255,0.367202779,0.257316646,0.160922875,0.293637197,0.38396138,0.288032691,0.348458069,0.3873828,0.285154384,0.196002259,0.317670964,0.394004622,0.393656666,0.336470121,0.368436274,0.403986074,0.30404525,0.408218885,0.38927184,0.369737734,0.418598147,0.269964262
Spacecraft/NASA-MSL-96-R-A-R,0.497973668,0.609383181,0.690930463,0.644632936,0.47780588,0.757743523,0.719187477,0.580577985,0.619288527,0.782850121,0.733589688,0.748250897,0.771505738,0.588607969,0.597139067,0.606013714,0.77588629,0.728450489,0.734403783,0.707139515,0.637680866,0.742241334,0.711511362,0.675164701,0.682042263,0.721329169,0.571805987
Spacecraft/NASA-MSL-96-R-F1,0.176076773,0.20095753,0.162690272,0.042371567,0.147263045,0.329541729,0.103048241,0.202973593,0.117916216,0.172025152,0.315309694,0.225717564,0.271650539,0.202081588,0.176850444,0.115008472,0.29197755,0.356567948,0.150610663,0.157631102,0.140135269,0.344402141,0.217787769,0.206238274,0.216209178,0.234524996,0.119136789
Spacecraft/NASA-MSL-96-R-P,0.309812894,0.19538124,0.357613801,0.066151095,0.188063573,0.592353209,0.101730645,0.368938162,0.195089613,0.366508999,0.616821752,0.443667904,0.552582212,0.19728597,0.249439976,0.259999421,0.534934759,0.565229321,0.275865051,0.295826973,0.150048325,0.626694077,0.263092161,0.229918772,0.261637203,0.276413528,0.102671444
Spacecraft/NASA-MSL-96-R-R,0.197900211,0.91200544,0.141526241,0.055511558,0.179712572,0.281185286,0.887205522,0.164345977,0.121775641,0.150931174,0.250418702,0.197258826,0.208171962,0.900220261,0.179789731,0.10067382,0.232619009,0.314615647,0.150931174,0.135919867,0.334136518,0.271174534,0.486595116,0.387907538,0.468337974,0.468235691,0.396176449
Spacecraft/NASA-MSL-96-V-PR,0.134433775,0.289015194,0.38165268,0.429066792,0.120392774,0.360633411,0.256110368,0.156733772,0.293187716,0.380157859,0.288940252,0.340734687,0.378222328,0.285027118,0.195629003,0.317461995,0.387137298,0.387544301,0.332426653,0.367633054,0.405751329,0.303381483,0.404168747,0.392524807,0.366258069,0.413378281,0.268948749
Spacecraft/NASA-MSL-96-V-ROC,0.497720905,0.604262864,0.6854822,0.643260936,0.478627488,0.74810857,0.71088866,0.569930771,0.614223229,0.775456302,0.725097321,0.74106631,0.761690801,0.583451262,0.58722114,0.59858296,0.766329478,0.719685134,0.724468754,0.696890541,0.635766522,0.735805277,0.70763701,0.67338279,0.677241769,0.714570836,0.57063593
Spacecraft/NASA-SMAP-96-A-P,0.040490852,0.136849446,0.167747926,0.11396977,0.035926836,0.277588003,0.13669674,0.063356224,0.086437781,0.187340798,0.208248671,0.29275041,0.369116985,0.121288581,0.086504457,0.130097559,0.383992628,0.162096742,0.16441479,0.167285656,0.09563691,0.218245443,0.157085546,0.102670592,0.129063957,0.201156905,0.241753419
Spacecraft/NASA-SMAP-96-A-R,0.501243826,0.556366088,0.596233568,0.584081983,0.487220725,0.61923719,0.656977258,0.530527745,0.512233537,0.602216645,0.566408509,0.679581907,0.709450206,0.540087468,0.451745723,0.562099173,0.72295028,0.577056289,0.59865987,0.576405678,0.525448244,0.569347798,0.597261735,0.567788282,0.555280412,0.589477611,0.51935319
Spacecraft/NASA-SMAP-96-Acc,0.949248507,0.191286879,0.540695891,0.231954615,0.947083162,0.948619427,0.097507366,0.856995716,0.524967252,0.771666111,0.964103807,0.948119432,0.953934317,0.192313734,0.925061681,0.280433987,0.967473658,0.862481354,0.639325586,0.634395297,0.519827483,0.94672469,0.525846679,0.63120554,0.498548427,0.693145683,0.597344355
Spacecraft/NASA-SMAP-96-Aff-F1,0.76650917,0.702643096,0.494101013,0.165548782,0.766580718,0.908903854,0.675250804,0.675112698,0.449977385,0.559770671,0.902424763,0.892213603,0.909032414,0.702550805,0.720693157,0.216488461,0.932529499,0.80649294,0.501241555,0.540452298,0.4952044,0.893595886,0.718823578,0.603349484,0.712538131,0.68441704,0.537575712
Spacecraft/NASA-SMAP-96-Aff-P,0.640989486,0.552455966,0.450121094,0.131188903,0.643244873,0.8653853,0.511294186,0.536926882,0.400189746,0.5037409,0.854876043,0.838348181,0.866640223,0.552352358,0.624297608,0.191331495,0.904934479,0.747684709,0.433374768,0.486450991,0.42753387,0.843375371,0.604846628,0.536358849,0.592445346,0.603129585,0.44563517
Spacecraft/NASA-SMAP-96-Aff-R,0.982714189,0.999014755,0.576047803,0.233622207,0.989975444,0.986883153,0.999901389,0.962131924,0.540511127,0.697175121,0.986380704,0.989307401,0.984582566,0.999014797,0.916578484,0.263570592,0.976744298,0.916816225,0.643125111,0.636475028,0.648885158,0.986160697,0.952088394,0.747018478,0.960494477,0.862133686,0.716814812
Spacecraft/NASA-SMAP-96-F1,0.036347851,0.057877018,0.031049822,0.006645218,0.037498756,0.245837819,0.057637718,0.072074736,0.038178966,0.04156416,0.220902331,0.236764217,0.278588825,0.05793937,0.051353495,0.020754376,0.293007981,0.172388825,0.039933732,0.062445604,0.089378587,0.215937813,0.110056992,0.120376713,0.104700008,0.103612091,0.117586037
Spacecraft/NASA-SMAP-96-P,0.161029995,0.125052815,0.30203466,0.004727684,0.172578039,0.676442942,0.030622693,0.176286823,0.262901519,0.317658793,0.663830676,0.527994443,0.615744086,0.125087805,0.259048856,0.113691275,0.680503846,0.559362387,0.201737242,0.266197561,0.16194284,0.657911752,0.254559176,0.285060751,0.226378061,0.282723591,0.150287708
Spacecraft/NASA-SMAP-96-R,0.054546024,0.858432448,0.058616234,0.017801964,0.038666358,0.236583672,0.973694122,0.171009695,0.039881948,0.073553462,0.154461886,0.225934756,0.268991183,0.858723326,0.053277921,0.038779183,0.263143818,0.182125467,0.073117463,0.055801428,0.226770807,0.157161183,0.588644008,0.283888159,0.62068523,0.338466846,0.303353607
Spacecraft/NASA-SMAP-96-R-A-P,0.070477273,0.203965319,0.290496708,0.335457049,0.062103042,0.276210581,0.14608547,0.085948499,0.230481803,0.221754499,0.173366706,0.358721355,0.430835285,0.184214234,0.11456306,0.273768263,0.440266692,0.25996179,0.163600807,0.254926521,0.30255159,0.180649296,0.284244954,0.285787516,0.278015896,0.310841775,0.226554374
Spacecraft/NASA-SMAP-96-R-A-R,0.555974979,0.588489552,0.630832212,0.615442518,0.526015546,0.712038493,0.707996872,0.633319621,0.544681549,0.647282682,0.655491612,0.770634406,0.793715886,0.570618536,0.579815213,0.611594229,0.797990828,0.636677933,0.667601784,0.629766758,0.566426662,0.657572938,0.633950075,0.603786179,0.602331484,0.619244906,0.541222413
Spacecraft/NASA-SMAP-96-R-F1,0.094172818,0.084253323,0.120983047,0.007057599,0.090740253,0.326680876,0.042231276,0.136195561,0.122119872,0.13134027,0.314865184,0.260191967,0.285288133,0.073376079,0.155975137,0.049707443,0.32680818,0.256132321,0.095984299,0.131632421,0.093964395,0.316620541,0.122857216,0.130055607,0.110961137,0.131439207,0.08621183
Spacecraft/NASA-SMAP-96-R-P,0.142889998,0.121723555,0.30203466,0.004727684,0.154749693,0.65421128,0.024399569,0.213611781,0.262901519,0.317658793,0.659251695,0.526362473,0.578757951,0.115478652,0.259048856,0.113691275,0.660926162,0.535448883,0.201737242,0.266197561,0.141287878,0.658230711,0.214784195,0.240871534,0.187102892,0.257188462,0.11656441
Spacecraft/NASA-SMAP-96-R-R,0.176118747,0.87895163,0.114897948,0.028879717,0.169265497,0.311407289,0.956158273,0.210765116,0.107593181,0.135150676,0.239743286,0.221864601,0.245696289,0.873432076,0.171513036,0.052929272,0.251836939,0.245760032,0.129525893,0.130640861,0.199126179,0.258645606,0.563188282,0.280781192,0.583309746,0.356628592,0.338065841
Spacecraft/NASA-SMAP-96-V-PR,0.07054029,0.203893724,0.291377531,0.33449783,0.062617161,0.277416836,0.147670219,0.085984329,0.231691131,0.221212952,0.176679016,0.351845253,0.425044217,0.18458429,0.113909134,0.274533256,0.433071385,0.260005426,0.164700888,0.253234551,0.301407518,0.1839106,0.284844496,0.283161777,0.278024032,0.312492841,0.229305383
Spacecraft/NASA-SMAP-96-V-ROC,0.551072489,0.586708828,0.627800935,0.612067412,0.522658256,0.704362334,0.704885996,0.624272326,0.543001665,0.640954686,0.648585363,0.762320462,0.785523629,0.569183558,0.567733634,0.608396076,0.790309114,0.631425387,0.662117729,0.625857022,0.561738265,0.650846851,0.629163603,0.599930056,0.5977909,0.618183557,0.539475874
Web/IOPS-96-A-P,0.029343281,0.1362733,0.302060189,0.161640706,0.023310591,0.218278053,0.21340085,0.090974346,0.235879477,0.416635505,0.192323022,0.176438594,0.210236806,0.134539217,0.109949692,0.219738519,0.179246157,0.366425363,0.299957239,0.247550115,0.219872565,0.185279416,0.283517049,0.17683944,0.217549786,0.260698616,0.321126758
Web/IOPS-96-A-R,0.464806876,0.623703581,0.702947458,0.665590272,0.498972614,0.711767904,0.618545989,0.604139909,0.656861683,0.805291757,0.642434907,0.692372827,0.676642308,0.62350389,0.554158637,0.62297794,0.677769303,0.683737662,0.700382369,0.633481441,0.729233597,0.659044193,0.730479818,0.5900894,0.687346214,0.737926191,0.761304916
Web/IOPS-96-Acc,0.945511915,0.024399369,0.961171018,0.968392453,0.921887899,0.935212834,0.023101743,0.867020801,0.976206053,0.880625534,0.972353178,0.931318992,0.934834338,0.023499381,0.97584965,0.972646112,0.935187432,0.899169687,0.963264618,0.976139371,0.881291113,0.972632154,0.801145823,0.885329045,0.816854764,0.78593885,0.795819463
Web/IOPS-96-Aff-F1,0.680836553,0.673575875,0.661940619,0.573369571,0.657771248,0.842308553,0.673399753,0.707641542,0.792154203,0.679512731,0.837749454,0.831835915,0.851543307,0.673380202,0.763626714,0.538798696,0.831977474,0.776532083,0.64784367,0.724967309,0.727807002,0.824180343,0.708405102,0.642270113,0.693784564,0.710657899,0.669699308
Web/IOPS-96-Aff-P,0.559181299,0.507855957,0.697676675,0.642809507,0.522381372,0.774402615,0.507657538,0.572354033,0.820868651,0.735789798,0.764339608,0.75126514,0.782289807,0.507634328,0.761294657,0.766001509,0.763921817,0.738232281,0.696119965,0.893363755,0.652572883,0.768785316,0.570583839,0.626653695,0.544456647,0.577440428,0.581202866
Web/IOPS-96-Aff-R,0.884265815,0.999999909,0.705335782,0.641463692,0.893420592,0.938026269,0.999999189,0.932096602,0.833126402,0.718479541,0.942966408,0.955581415,0.95553632,0.999999979,0.832606753,0.492131722,0.936962575,0.842225508,0.684149752,0.684790099,0.875959341,0.908873352,0.954042183,0.739060556,0.968163026,0.948037764,0.834302771
Web/IOPS-96-F1,0.02743372,0.043478225,0.151909966,0.075763087,0.029333563,0.236250387,0.043355149,0.124427993,0.155782799,0.159103423,0.2247449,0.21687221,0.237432055,0.043399328,0.091596602,0.125107763,0.198834494,0.291287352,0.157519915,0.119987845,0.254625163,0.225698375,0.136455336,0.13481527,0.112012795,0.141001656,0.162937646
Web/IOPS-96-P,0.045017564,0.022521062,0.301415575,0.201392991,0.020682907,0.387364042,0.02245736,0.086574737,0.498079842,0.454467832,0.367671409,0.288100756,0.378934942,0.022480054,0.401144234,0.516929513,0.390021209,0.315592225,0.319025279,0.570417939,0.214816473,0.350903262,0.08497089,0.206424559,0.06789655,0.088542657,0.107132035
Web/IOPS-96-R,0.030831635,0.999708157,0.129260644,0.064752451,0.067324764,0.246793799,0.997691056,0.300660787,0.105701441,0.121921732,0.197644981,0.251517459,0.254057119,0.999207947,0.065789283,0.090209937,0.195189415,0.419312873,0.129323391,0.081391361,0.506021356,0.218205554,0.581082621,0.275600354,0.513140351,0.616437842,0.652957929
Web/IOPS-96-R-A-P,0.029358337,0.102606118,0.2329136,0.132188553,0.02708469,0.212163533,0.17647303,0.089456504,0.226274424,0.332204797,0.212396723,0.182956378,0.201414204,0.100163899,0.100113083,0.152081194,0.167891736,0.234446104,0.228238558,0.212194863,0.23655575,0.204395424,0.209760436,0.172134368,0.112069416,0.225513919,0.206877355
Web/IOPS-96-R-A-R,0.459280399,0.606969809,0.698101358,0.660395037,0.491918773,0.750946993,0.652005401,0.605317351,0.696711701,0.798628866,0.699534452,0.732916245,0.721611035,0.606728573,0.579418508,0.611799788,0.710306601,0.665513036,0.689789192,0.657706453,0.712218077,0.717998306,0.70077037,0.58869404,0.669597765,0.727649233,0.713743535
Web/IOPS-96-R-F1,0.058426925,0.008577055,0.176109669,0.081346626,0.02782482,0.333444887,0.015669383,0.089877324,0.324942004,0.243742466,0.304938959,0.260216852,0.318881689,0.018267065,0.260181422,0.175441511,0.312486847,0.211656328,0.174724753,0.283493471,0.134977463,0.283704022,0.054829546,0.131115609,0.039423836,0.075083527,0.092300218
Web/IOPS-96-R-P,0.049885627,0.004320471,0.301415575,0.201392991,0.016702427,0.327043401,0.008160922,0.06444797,0.498079842,0.454467832,0.295036374,0.220944515,0.301504631,0.009530152,0.401144234,0.516929513,0.334702403,0.204176603,0.319025279,0.570417939,0.103453739,0.279350361,0.032189167,0.168863609,0.021304139,0.045641173,0.060871976
Web/IOPS-96-R-R,0.106175295,0.999045915,0.207453306,0.09540647,0.098189186,0.424634575,0.992277423,0.293981163,0.277703283,0.230211691,0.356681274,0.388986799,0.422379279,0.998796389,0.275484875,0.147261726,0.410263602,0.324562445,0.199045224,0.240051498,0.395681576,0.372994461,0.455997798,0.321688372,0.423677364,0.481494278,0.517267166
Web/IOPS-96-V-PR,0.029128909,0.103243635,0.233241918,0.131732595,0.027024948,0.212273671,0.17630527,0.087515235,0.221148249,0.330656122,0.20770504,0.182280219,0.202046344,0.100778152,0.099950633,0.153143381,0.168775616,0.234516617,0.228350272,0.214138883,0.236908894,0.200149406,0.209539784,0.172981467,0.112006546,0.225755476,0.20294401
Web/IOPS-96-V-ROC,0.45730676,0.607111611,0.697556777,0.656191949,0.491147115,0.747212395,0.648894866,0.599524234,0.691446496,0.79510635,0.693876582,0.729895656,0.718406157,0.606872098,0.575431656,0.611716309,0.709354759,0.663048547,0.688422812,0.658103821,0.71028536,0.711049336,0.699922236,0.587819438,0.664437147,0.726880934,0.711648219
